"","Fish_ID_Revised","Fish_ID","GillClip_ID_Revised","GillClip_ID","Collection_Date","RunTimingGroup","Collection_Location","Processing_Date","Col_Location_Lat","Col_Location_Long","Fish_Wt","Fish_Leng_1","Fish_Leng_1_tape","Fish_Leng_2","Fish_Leng_2_tape","Fish_Ht","Fish_Ht_tape","Fish_Wdth","Fish_Grth","Sex","Gonad_Wt","DWP.","Fem_Fecun_1_num","Fem_Fecun_1_wt","Fem_Fecun_2_num","Fem_Fecun_2_wt","Fem_Fecun_3_num","Fem_Fecun_3_wt","Fem_Egg_Sz_1","Fem_Egg_Sz_2","Fem_Egg_Sz_3","Carcass.guts_Wt","Oto_Well_ID","Strontium_marked_Y.N","Scales_Y.N","Scales_num","Fish_Ground_Y.N","Gonad_Saved_Y.N","Gonad_Saved_wt","Fat_Meter_1._L","Fat_Meter_1._R","Fat_Meter_2._L","Fat_Meter_2._R","Fat_Meter_3._L","Fat_Meter_3._R","Fat_Meter_4._L","Fat_Meter_4._R","Dissect_Comments","SpawnStatus","Date_LabDryStart","Fish.BagWt_g","Date_LabDryFinal","DryFish.BagWt_g","Pwater","Pdry","Dry_Comments","Date_BCProcess","Bomb_ID_1","Bomb_PelletWt_g_1","EE_Value_1","EnergyDensity_mJ.kg_1","EnergyPDry_1","Bomb_ID_2","Bomb_PelletWt_g_2","EE_value_2","EnergyDensity_mJ.kg_2","EnergyPDry_2","Bomb_ID_3","Bomb_PelletWt_g_3","EE_value_3","EnergyDensity_mJ.kg_3","EnergyPDry_3","Bomb_ID_4","Bomb_PelletWt_g_4","EE_value_4","EnergyDensity_mJ.kg_4","EnergyPDry_4","BC_comments","Collection_RiverMile_m","Elevation_m","Year","Group_Assignment","assign_likelihood","Work_km2","EnergyPDry_1_mJ_g","Fish_Wt_g","TotalEnergy_mJ"
"1","BC-1-2020","BC-20-1","BC-1-20","BC-20-1","2020-06-01","Early","Baird Canyon","7/8/20",60.73831,-144.5687,1.608,40.3,NA,3.8,NA,11.3,NA,6.2,29.1,"F",0.086,"1-C2",10,0.4423,10,0.2676,NA,NA,4,3.8,NA,1.364,"1-B6","N","Y",7,"Y","Y",0.044,12.1,"8.3",11.6,11.9,8.6,12.4,3.6,5.5,"",NA,"10/6/20",55.5,"10/11/20",22.2,0.6,0.4,NA,"10/24/20",4,0.6198,923.3249,27.0087,10.80348,4,0.4556,923.3249,26.2067,10.48268,NA,NA,NA,NA,NA,NA,NA,NA,NA,NA,NA,58584.32,NA,2020,"insufficient genotypes",0,NA,0.01080348,1608,17.37199584
"2","BC-2-2020","BC-20-2","BC-2-20","BC-20-2","2020-06-01","Early","Baird Canyon","7/8/20",60.73831,-144.5687,1.356,37.8,NA,3.9,NA,10.8,NA,5.3,27.8,"M",0.064,"1-C1",NA,NA,NA,NA,NA,NA,NA,NA,NA,1.164,"1-B5","N","Y",6,"Y","Y",0.034,7.5,"8.7",6.2,8.4,9.7,3.9,3.1,1.8,"",NA,"10/6/20",50.6,"10/11/20",18.8,0.6285,0.3715,NA,"10/24/20",4,0.4134,923.3249,25.3342,9.412706719,4,0.3589,923.3249,24.9944,9.286456917,NA,NA,NA,NA,NA,NA,NA,NA,NA,NA,NA,58584.32,NA,2020,"insufficient genotypes",0,NA,0.009412706719,1356,12.763630310964
"3","BC-3-2020","BC-20-3","BC-3-20","BC-20-3","2020-06-01","Early","Baird Canyon","7/7/20",60.73831,-144.5687,1.888,43.5,NA,4.8,NA,11.3,NA,6.4,29.5,"M",0.054,"1-A7",NA,NA,NA,NA,NA,NA,NA,NA,NA,1.662,"1-A7 (1 oto)","N","Y",7,"Y","Y",0.026,10,"9.5",8.8,9.1,6.1,6.2,1.8,2,"",NA,"10/6/20",42.3,"10/11/20",16.5,0.6099,0.3901,NA,"10/24/20",4,0.3834,923.3249,27.1322,10.58348227,NA,NA,NA,NA,NA,NA,NA,NA,NA,NA,NA,NA,NA,NA,NA,NA,58584.32,NA,2020,"insufficient genotypes",0,NA,0.01058348227,1888,19.98161452576
"4","BC-4-2020","BC-20-4","BC-4-20","BC-20-4","2020-06-01","Early","Baird Canyon","7/8/20",60.73831,-144.5687,2.142,44.4,NA,3.8,NA,12.8,NA,6.2,NA,"F",0.184,"1-B4",10,0.5983,10,0.5543,10,0.6202,4.9,4.9,5,1.738,"1-A12","N","Y",7,"Y","Y",0.102,10.3,"8",8.7,9.7,8.2,6.1,2.6,1.9,"",NA,"10/6/20",58.1,"10/11/20",20.2,0.6523,0.3477,NA,"10/24/20",4,0.4073,923.3249,25.8517,8.988026506,NA,NA,NA,NA,NA,NA,NA,NA,NA,NA,NA,NA,NA,NA,NA,NA,58584.32,NA,2020,"Bremner",0.56,8.38068264,0.008988026506,2142,19.252352775852
"5","BC-5-2020","BC-20-5","BC-5-20","BC-20-5","2020-06-01","Early","Baird Canyon","7/8/20",60.73831,-144.5687,2.942,48.1,NA,5.7,NA,14.6,NA,6.8,36.5,"M",0.106,"1-B7",NA,NA,NA,NA,NA,NA,NA,NA,NA,2.56,"1-B3","N","Y",7,"Y","Y",0.05,6.4,"7.6",9.5,8.5,8.4,7.5,2.6,2.3,"",NA,"10/6/20",62.9,"10/11/20",23.1,0.6328,0.3672,NA,"10/24/20",4,0.5602,923.3249,26.2651,9.645847536,NA,NA,NA,NA,NA,NA,NA,NA,NA,NA,NA,NA,NA,NA,NA,NA,58584.32,NA,2020,"insufficient genotypes",0,NA,0.009645847536,2942,28.378083450912
"6","BC-6-2020","BC-20-6","BC-6-20","BC-20-6","2020-06-01","Early","Baird Canyon","7/8/20",60.73831,-144.5687,2.12,43.7,NA,4.1,NA,12.6,NA,6.3,31.6,"F",0.14,"1-B8",NA,NA,NA,NA,NA,NA,6,NA,NA,1.796,"1-B4","N","Y",6,"Y","Y",0.066,8.4,"9.3",13.5,8.2,12.9,7.8,3.9,3.2,"",NA,"10/6/20",57.6,"10/11/20",22.4,0.6111,0.3889,NA,"10/24/20",4,0.5232,923.3249,26.2745,10.21786111,NA,NA,NA,NA,NA,NA,NA,NA,NA,NA,NA,NA,NA,NA,NA,NA,58584.32,NA,2020,"KlutinaLake",0.95,174.5126368,0.01021786111,2120,21.6618655532
"7","BC-7-2020","BC-20-7","BC-7-20","BC-20-7","2020-06-01","Early","Baird Canyon","7/8/20",60.73831,-144.5687,1.418,39.9,NA,3.8,NA,10.7,NA,5,28.1,"F",0.108,"1-B3",NA,NA,NA,NA,NA,NA,5.5,NA,NA,1.178,"1-A11","N","Y",7,"Y","Y",0.05,8,"12.5",8.4,10.5,5.9,8.7,1.9,1.4,"Eggs gooshy",NA,"10/6/20",65.3,"10/11/20",25.1,0.6156,0.3844,NA,"10/24/20",4,0.4224,923.3249,27.3985,10.53142956,NA,NA,NA,NA,NA,NA,NA,NA,NA,NA,NA,NA,NA,NA,NA,NA,58584.32,NA,2020,"KlutinaLake",0.99,174.5126368,0.01053142956,1418,14.93356711608
"8","BC-8-2020","BC-20-8","BC-8-20","BC-20-8","2020-06-01","Early","Baird Canyon","7/8/20",60.73831,-144.5687,1.61,39.9,NA,3.6,NA,11.7,NA,5.6,30,"F",0.18,"1-B5",10,NA,NA,NA,NA,NA,5,NA,NA,1.272,"1-B1","NO READ","Y",7,"Y","Y",0.104,6.4,"5.1",2.8,2.4,1.4,4.2,0.8,1.3,"Caliper reading 1 egg 6.4 mm",NA,"10/6/20",66.4,"10/11/20",21.7,0.6732,0.3268,NA,"10/24/20",4,0.4588,923.3249,25.1628,8.22338494,NA,NA,NA,NA,NA,NA,NA,NA,NA,NA,NA,NA,NA,NA,NA,NA,58584.32,NA,2020,"KlutinaLake",0.99,174.5126368,0.00822338494,1610,13.2396497534
"9","BC-9-2020","BC-20-9","BC-9-20","BC-20-9","2020-06-01","Early","Baird Canyon","7/8/20",60.73831,-144.5687,2.462,47.8,NA,4.6,NA,13.3,NA,6.4,33,"M",0.07,"1-B6",NA,NA,NA,NA,NA,NA,NA,NA,NA,2.166,"1-B2","N","Y",6,"Y","Y",0.034,6,"6",4.8,7.7,3.2,3.1,1.4,2.6,"",NA,"10/6/20",60.4,"10/11/20",21.2,0.649,0.351,NA,"10/24/20",4,0.2702,923.3249,24.6192,8.641176159,NA,NA,NA,NA,NA,NA,NA,NA,NA,NA,NA,NA,NA,NA,NA,NA,58584.32,NA,2020,"KlutinaLake",0.96,174.5126368,0.008641176159,2462,21.274575703458
"10","BC-10-2020","BC-20-10","BC-10-20","BC-20-10","2020-06-01","Early","Baird Canyon","7/8/20",60.73831,-144.5687,1.798,42.6,NA,3.7,NA,12.5,NA,6,30.4,"F",0.138,"1-C4",NA,NA,NA,NA,NA,NA,5.1,NA,NA,1.49,"1-B8","N","Y",5,"Y","Y",0.058,5.2,"5.1",4.1,4.9,2.4,3.3,2.6,1.1,"",NA,"10/6/20",50.6,"10/11/20",17.6,0.6522,0.3478,NA,"10/24/20",4,0.3856,923.3249,24.5659,8.54466087,NA,NA,NA,NA,NA,NA,NA,NA,NA,NA,NA,NA,NA,NA,NA,NA,58584.32,NA,2020,"KlutinaLake",1,174.5126368,0.00854466087,1798,15.36330024426
"11","BC-11-2020","BC-20-11","BC-11-20","BC-20-11","2020-06-02","Early","Baird Canyon","7/7/20",60.73831,-144.5687,1.808,41.7,NA,3.9,NA,11.6,NA,6.3,29.7,"F",0.14,"1-B2",10,0.385,10,0.4834,10,0.4833,5.5,4.9,5,NA,"1-A10","N","Y",7,"Y","Y",0.078,16.2,"10.2",16.6,14.3,9.7,9.9,2.6,2.2,"",NA,"10/17/20",47.3,"10/30/20",18.5,0.6089,0.3911,NA,"11/5/20",4,0.294,923.3249,27.8273,10.8838277,NA,NA,NA,NA,NA,NA,NA,NA,NA,NA,NA,NA,NA,NA,NA,NA,58584.32,NA,2020,"KlutinaLake",1,174.5126368,0.0108838277,1808,19.6779604816
"12","BC-12-2020","BC-20-12","BC-12-20","BC-20-12","2020-06-02","Early","Baird Canyon","7/7/20",60.73831,-144.5687,2.348,45.3,NA,5.3,NA,12.8,NA,7.5,32.5,"M",0.072,"1-A5",NA,NA,NA,NA,NA,NA,NA,NA,NA,2.046,"1-A5","N","Y",5,"Y","Y",0.028,8.3,"6.4",8.3,9.3,5.5,7.4,2.4,3.3,"",NA,"10/17/20",58.1,"10/30/20",20.3,0.6506,0.3494,NA,"11/5/20",2,0.4329,923.1981,26.7697,9.353268675,NA,NA,NA,NA,NA,NA,NA,NA,NA,NA,NA,NA,NA,NA,NA,NA,58584.32,NA,2020,"KlutinaLake",0.97,174.5126368,0.009353268675,2348,21.9614748489
"13","BC-13-2020","BC-20-13","BC-13-20","BC-20-13","2020-06-02","Early","Baird Canyon","7/7/20",60.73831,-144.5687,2.798,47.6,NA,5.4,NA,14.7,NA,7.6,36,"M",0.082,"1-A2",NA,NA,NA,NA,NA,NA,NA,NA,NA,2.546,"1-A2","N","Y",5,"Y","Y",0.044,7.4,"5.2",7.4,5.2,6.3,3.9,1.8,1.5,"heart gills not removed for carcass minus guts weight",NA,"10/17/20",62.5,"10/30/20",22.5,0.64,0.36,NA,"11/5/20",4,0.3318,923.3249,26.7268,9.621648,NA,NA,NA,NA,NA,NA,NA,NA,NA,NA,NA,NA,NA,NA,NA,NA,58584.32,NA,2020,"Chitina",0.71,100.7487206,0.009621648,2798,26.921371104
"14","BC-14-2020","BC-20-14","BC-14-20","BC-20-14","2020-06-02","Early","Baird Canyon","7/7/20",60.73831,-144.5687,3.046,48.4,NA,5.7,NA,14.9,NA,7.8,37,"M",0.112,"1-B1",NA,NA,NA,NA,NA,NA,NA,NA,NA,2.658,"1-A9","N","Y",5,"Y","Y",0.052,7.6,"7.2",6.7,6.5,6,4.7,1.9,2.3,"",NA,"10/17/20",54.1,"10/30/20",19.6,0.6377,0.3623,NA,"11/5/20",2,0.3202,923.1981,27.6168,10.00534713,NA,NA,NA,NA,NA,NA,NA,NA,NA,NA,NA,NA,NA,NA,NA,NA,58584.32,NA,2020,"insufficient genotypes",0,NA,0.01000534713,3046,30.47628735798
"15","BC-15-2020","BC-20-15","BC-15-20","BC-20-15","2020-06-02","Early","Baird Canyon","7/7/20",60.73831,-144.5687,3.002,49.8,NA,6.1,NA,14.6,NA,7.3,35.5,"M",0.076,"1-A6",NA,NA,NA,NA,NA,NA,NA,NA,NA,2.632,"1-A6","N","Y",5,"Y","Y",0.034,4,"6",3.8,4.2,2.8,3.9,1.6,4.9,"",NA,"10/17/20",62.3,"10/30/20",21.7,0.6517,0.3483,NA,"11/5/20",4,0.2681,923.3249,26.3438,9.175930337,4,0.2829,923.1981,26.6939,9.297875281,NA,NA,NA,NA,NA,NA,NA,NA,NA,NA,NA,58584.32,NA,2020,"insufficient genotypes",0,NA,0.009175930337,3002,27.546142871674
"16","BC-16-2020","BC-20-16","BC-16-20","BC-20-16","2020-06-02","Early","Baird Canyon","7/7/20",60.73831,-144.5687,2.258,46.7,NA,5.2,NA,13,NA,7,31.1,"M",0.102,"1-A3",NA,NA,NA,NA,NA,NA,NA,NA,NA,1.97,"1-A3","N","Y",5,"Y","Y",0.052,6.8,"6.5",6.5,6.5,6.4,6.6,2.4,3.2,"",NA,"10/17/20",52.8,"10/30/20",18.9,0.642,0.358,NA,"11/10/20",4,0.2377,923.3249,26.2758,9.405542045,NA,NA,NA,NA,NA,NA,NA,NA,NA,NA,NA,NA,NA,NA,NA,NA,58584.32,NA,2020,"insufficient genotypes",0,NA,0.009405542045,2258,21.23771393761
"17","BC-17-2020","BC-20-17","BC-17-20","BC-20-17","2020-06-02","Early","Baird Canyon","7/7/20",60.73831,-144.5687,1.946,41.7,NA,4.6,NA,12.8,NA,7.1,31.5,"M",0.066,"1-A4",NA,NA,NA,NA,NA,NA,NA,NA,NA,1.72,"1-A4","N","Y",5,"Y","Y",0.034,5.2,"5.9",4.5,6.3,3.3,4,1.1,1.2,"",NA,"10/17/20",41.4,"10/30/20",15.2,0.6329,0.3671,NA,"11/10/20",2,0.3361,922.6597,24.7758,9.096428986,NA,NA,NA,NA,NA,NA,NA,NA,NA,NA,NA,NA,NA,NA,NA,NA,58584.32,NA,2020,"KlutinaLake",0.94,174.5126368,0.009096428986,1946,17.701650806756
"18","BC-18-2020","BC-20-18","BC-18-20","BC-20-18","2020-06-02","Early","Baird Canyon","7/7/20",60.73831,-144.5687,1.328,40.9,NA,3.1,NA,10.6,NA,6.4,26,"F",0.13,"1-A1",10,0.4627,10,2.8037,10,0.2786,4.8,4.5,4.6,1.064,"1-A1","N","Y",5,"Y","Y",0.05,9.7,"9.3",6.1,7.2,3.1,4.2,1.2,2.7,"",NA,"10/17/20",45.2,"10/30/20",15.7,0.6527,0.3473,NA,"11/10/20",4,0.2389,923.3249,25.9962,9.02965354,NA,NA,NA,NA,NA,NA,NA,NA,NA,NA,NA,NA,NA,NA,NA,NA,58584.32,NA,2020,"KlutinaLake",0.53,174.5126368,0.00902965354,1328,11.99137990112
"19","BC-19-2020","BC-20-19","BC-19-20","BC-20-19","2020-06-02","Early","Baird Canyon","7/7/20",60.73831,-144.5687,1.988,44,NA,3.7,NA,12.4,NA,6,30.9,"F",0.12,"1-A8",1,NA,NA,NA,NA,NA,4.7,NA,NA,1.682,"1-A8","N","Y",5,"Y","Y",0.06,16.2,"12.7",11.8,10.8,7.9,6,3.6,2.5,"",NA,"10/17/20",57.2,"10/30/20",20.6,0.6399,0.3601,NA,"11/10/20",2,0.3533,922.6597,26.7499,9.633705245,NA,NA,NA,NA,NA,NA,NA,NA,NA,NA,NA,NA,NA,NA,NA,NA,58584.32,NA,2020,"KlutinaLake",0.99,174.5126368,0.009633705245,1988,19.15180602706
"20","BC-20-2020","BC-20-20","BC-20-20","BC-20-20","2020-06-02","Early","Baird Canyon","7/8/20",60.73831,-144.5687,1.942,43.3,NA,3.7,NA,12.5,NA,6,31.4,"F",0.114,"1-C3",1,NA,NA,NA,NA,NA,5,NA,NA,1.662,"1-B7","N","Y",5,"Y","Y",0.066,12.6,"12.8",11,9.7,6.2,6,1.8,1.6,"",NA,"10/17/20",53.5,"10/30/20",19.4,0.6374,0.3626,NA,"11/10/20",4,0.3924,923.3249,25.2556,9.158105421,NA,NA,NA,NA,NA,NA,NA,NA,NA,NA,NA,NA,NA,NA,NA,NA,58584.32,NA,2020,"KlutinaLake",1,174.5126368,0.009158105421,1942,17.785040727582
"21","BC-21-2020","BC-20-21","BC-21-20","BC-20-21","2020-06-30","Middle","Baird Canyon","7/9/20",60.73831,-144.5687,0.936,34.8,NA,3.1,NA,9.1,NA,4.2,23.3,"M",0.044,"1-C6",NA,NA,NA,NA,NA,NA,NA,NA,NA,0.81,"1-B10","N","Y",7,"Y","Y",0.022,5.8,"7.7",4.5,5.4,1.6,3.8,1.3,2.1,"",NA,"10/30/20",57.6,"11/3/20",19.3,0.6649,0.3351,NA,"11/14/20",2,0.4097,955.4635,25.4462,8.526244097,NA,NA,NA,NA,NA,NA,NA,NA,NA,NA,NA,NA,NA,NA,NA,NA,58584.32,NA,2020,"insufficient genotypes",0,NA,0.008526244097,936,7.980564474792
"22","BC-22-2020","BC-20-22","BC-22-20","BC-20-22","2020-06-30","Middle","Baird Canyon","7/10/20",60.73831,-144.5687,1.986,44.8,NA,3.6,NA,12.2,NA,5.6,30.1,"F",0.088,"1-E1",10,0.1738,10,0.277,10,0.2523,3.2,3.3,3.1,1.728,"1-C9","Y","Y",9,"Y","Y",0.036,9.7,"12.1",11.5,11.4,5.6,6.8,3.5,4.5,"",NA,"10/30/20",53.9,"11/3/20",20.7,0.616,0.384,NA,"11/14/20",4,0.4889,923.3249,26.1697,10.05033006,NA,NA,NA,NA,NA,NA,NA,NA,NA,NA,NA,NA,NA,NA,NA,NA,58584.32,NA,2020,"insufficient genotypes",0,NA,0.01005033006,1986,19.95995549916
"23","BC-23-2020","BC-20-23","BC-23-20","BC-20-23","2020-06-30","Middle","Baird Canyon","7/9/20",60.73831,-144.5687,2.186,44.2,NA,4.6,NA,13.2,NA,6.5,31.8,"M",0.04,"1-C5",NA,NA,NA,NA,NA,NA,NA,NA,NA,1.952,"1-B9","Y","Y",5,"Y","Y",0.016,11.2,"9",13.5,12,8.4,9.5,5.2,3.2,"",NA,"10/30/20",55.9,"11/3/20",21.8,0.61,0.39,NA,"11/14/20",2,0.3915,955.4635,27.9354,10.89430626,NA,NA,NA,NA,NA,NA,NA,NA,NA,NA,NA,NA,NA,NA,NA,NA,58584.32,NA,2020,"GulkanaHatchery",1,425.7602743,0.01089430626,2186,23.81495348436
"24","BC-24-2020","BC-20-24","BC-24-20","BC-20-24","2020-06-30","Middle","Baird Canyon","7/10/20",60.73831,-144.5687,2.442,46.1,NA,6.2,NA,12.7,NA,6,31.8,"M",0.078,"1-E4",NA,NA,NA,NA,NA,NA,NA,NA,NA,2.176,"1-C12","N","Y",7,"Y","Y",0.04,5.6,"4.4",2.4,2.9,1.5,2.4,1.5,2.4,"",NA,"10/30/20",67.5,"11/3/20",23.9,0.6459,0.3541,NA,"11/14/20",4,0.4212,923.3249,26.2508,9.294727704,NA,NA,NA,NA,NA,NA,NA,NA,NA,NA,NA,NA,NA,NA,NA,NA,58584.32,NA,2020,"GulkanaHatchery",1,425.7602743,0.009294727704,2442,22.697725053168
"25","BC-25-2020","BC-20-25","BC-25-20","BC-20-25","2020-06-30","Middle","Baird Canyon","7/10/20",60.73831,-144.5687,1.536,40.8,NA,3.9,NA,11.1,NA,4.9,28,"M",0.05,"1-E2",NA,NA,NA,NA,NA,NA,NA,NA,NA,1.388,"1-C10","N","Y",6,"Y","Y",0.024,6,"7.2",6.1,6,3.1,2.8,1.3,1.4,"",NA,"10/30/20",48.5,"11/3/20",17.8,0.633,0.367,NA,"11/14/20",2,0.3297,955.4635,26.6447,9.778879588,NA,NA,NA,NA,NA,NA,NA,NA,NA,NA,NA,NA,NA,NA,NA,NA,58584.32,NA,2020,"LowerGroups",0.97,NA,0.009778879588,1536,15.020359047168
"26","BC-26-2020","BC-20-26","BC-26-20","BC-20-26","2020-06-30","Middle","Baird Canyon","7/9/20",60.73831,-144.5687,2.628,48.8,NA,5.8,NA,13.7,NA,6.5,33.8,"M",0.064,"1-C8",NA,NA,NA,NA,NA,NA,NA,NA,NA,2.352,"1-B12","N","Y",6,"Y","Y",0.032,4.7,"5.1",3.7,3.1,2.6,2.2,1.2,1.1,"",NA,"10/30/20",60.3,"11/3/20",21.4,0.6451,0.3549,NA,"11/14/20",4,0.2935,923.3249,27.1363,9.63046136,NA,NA,NA,NA,NA,NA,NA,NA,NA,NA,NA,NA,NA,NA,NA,NA,58584.32,NA,2020,"GulkanaHatchery",1,425.7602743,0.00963046136,2628,25.30885245408
"27","BC-27-2020","BC-20-27","BC-27-20","BC-20-27","2020-06-30","Middle","Baird Canyon","7/9/20",60.73831,-144.5687,0.5,27.7,NA,2.1,NA,7.7,NA,3.5,19.3,"M",0.028,"1-D4",NA,NA,NA,NA,NA,NA,NA,NA,NA,NA,"1-C4","N","Y",8,"Y","Y",0.014,8.3,"7",6.6,6.2,6.8,4.3,5.3,1.6,"",NA,"10/30/20",40.5,"11/3/20",15,0.6296,0.3704,NA,"11/14/20",2,0.2776,955.4635,25.9807,9.622481481,NA,NA,NA,NA,NA,NA,NA,NA,NA,NA,NA,NA,NA,NA,NA,NA,58584.32,NA,2020,"Chitina",1,100.7487206,0.009622481481,500,4.8112407405
"28","BC-28-2020","BC-20-28","BC-28-20","BC-20-28","2020-06-30","Middle","Baird Canyon","7/10/20",60.73831,-144.5687,1.566,41.6,NA,3.1,NA,11.1,NA,5.7,28,"F",0.11,"1-E6",10,0.2474,10,0.3454,10,0.2944,3.5,3.4,3.8,1.34,"1-D2","N","Y",10,"Y","Y",0.05,9.2,"11.3",6.9,6.3,4.7,2.5,3.4,1.5,"",NA,"10/30/20",44.7,"11/3/20",16.8,0.6242,0.3758,NA,"11/14/20",4,0.3338,923.3249,26.5014,9.960257718,NA,NA,NA,NA,NA,NA,NA,NA,NA,NA,NA,NA,NA,NA,NA,NA,58584.32,NA,2020,"Gulkana ",1,390.7567857,0.009960257718,1566,15.597763586388
"29","BC-29-2020","BC-20-29","BC-29-20","BC-20-29","2020-06-30","Middle","Baird Canyon","7/10/20",60.73831,-144.5687,2.25,47.3,NA,3.8,NA,12,NA,6.2,31.2,"F",0.15,"1-E8",10,0.2936,10,0.3864,10,0.36,3.9,4.2,4,1.932,"1-D4","N","Y",7,"Y","Y",0.084,6.5,"6.9",5.4,5.4,5.7,9.7,3.2,1.5,"Worms on guts",NA,"10/30/20",52,"11/3/20",18.6,0.6423,0.3577,NA,"11/14/20",2,0.3333,955.4635,27.7734,9.934331538,NA,NA,NA,NA,NA,NA,NA,NA,NA,NA,NA,NA,NA,NA,NA,NA,58584.32,NA,2020,"KlutinaLake",1,174.5126368,0.009934331538,2250,22.3522459605
"30","BC-30-2020","BC-20-30","BC-30-20","BC-20-30","2020-06-30","Middle","Baird Canyon","7/10/30",60.73831,-144.5687,1.824,43.9,NA,3.8,NA,11.6,NA,5.4,29,"F",0.152,"1-E3",10,0.4419,10,0.4323,10,0.3794,4.2,4.2,4.3,1.562,"1-C11","N","Y",6,"Y","Y",0.082,5.9,"5.8",7.9,8.5,5.9,5.4,3.3,2.2,"",NA,"10/30/20",45.4,"11/3/20",17.9,0.6057,0.3943,NA,"11/14/20",4,0.3808,923.3249,27.2128,10.72927577,NA,NA,NA,NA,NA,NA,NA,NA,NA,NA,NA,NA,NA,NA,NA,NA,58584.32,NA,2020,"GulkanaHatchery",1,425.7602743,0.01072927577,1824,19.57019900448
"31","BC-31-2020","BC-20-31","BC-31-20","BC-20-31","2020-07-01","Middle","Baird Canyon","7/10/20",60.73831,-144.5687,1.27,36.6,NA,3.8,NA,10.8,NA,5,27.1,"M",0.07,"1-D7",NA,NA,NA,NA,NA,NA,NA,NA,NA,1.086,"1-C7","N","Y",7,"Y","Y",0.034,6.1,"6.5",7.9,5.1,5.6,2.4,0.9,3.1,"",NA,"11/5/20",57.2,"11/10/20",20.5,0.6416,0.3584,NA,"11/15/20",2,0.2638,955.4635,25.656,9.194895105,NA,NA,NA,NA,NA,NA,NA,NA,NA,NA,NA,NA,NA,NA,NA,NA,58584.32,NA,2020,"Bremner",0.99,8.38068264,0.009194895105,1270,11.67751678335
"32","BC-32-2020","BC-20-32","BC-32-20","BC-20-32","2020-07-01","Middle","Baird Canyon","7/9/20",60.73831,-144.5687,2.31,44.8,NA,4.1,NA,12.8,NA,6.2,32.7,"F",0.236,"1-C7",10,0.7544,10,0.5627,10,0.4766,4.5,4.4,4.4,1.88,"1-B11","N","Y",7,"Y","Y",0.108,5.5,"5.5.",5.7,3.3,3.2,5.1,1.6,2.1,"",NA,"11/5/20",56.1,"11/10/20",19.9,0.6453,0.3547,NA,"11/15/20",4,0.2715,923.3249,25.9703,9.212281105,NA,NA,NA,NA,NA,NA,NA,NA,NA,NA,NA,NA,NA,NA,NA,NA,58584.32,NA,2020,"Chitina",0.85,100.7487206,0.009212281105,2310,21.28036935255
"33","BC-33-2020","BC-20-33","BC-33-20","BC-20-33","2020-07-01","Middle","Baird Canyon","7/9/20",60.73831,-144.5687,1.834,43,NA,3.5,NA,11.5,NA,6.1,29,"F",0.158,"1-D5",NA,NA,NA,NA,NA,NA,5.2,NA,NA,1.518,"1-C5","N","Y",10,"Y","Y",0.078,6.7,"3.4",6.9,6.1,4.4,5.4,2.1,3.2,"gooshy eggs",NA,"11/5/20",61.2,"11/10/20",21.9,0.6422,0.3578,NA,"11/15/20",2,0.264,955.4635,26.8669,9.614135784,NA,NA,NA,NA,NA,NA,NA,NA,NA,NA,NA,NA,NA,NA,NA,NA,58584.32,NA,2020,"KlutinaTonsinaOutlet",0.95,160.7660338,0.009614135784,1834,17.632325027856
"34","BC-34-2020","BC-20-34","BC-34-20","BC-20-34","2020-07-01","Middle","Baird Canyon","7/10/20",60.73831,-144.5687,1.832,43.3,NA,4,NA,11.3,NA,5.4,30.4,"F",0.142,"1-D8",NA,NA,NA,NA,NA,NA,5.1,NA,NA,1.536,"1-C8","N","Y",7,"Y","Y",0.074,7.6,"5.9",3.2,4.2,2.3,2.9,1.8,1.3,"Wormy guts - pete took photo, gooshy eggs",NA,"11/5/20",56.8,"11/10/20",20.5,0.6391,0.3609,NA,"11/15/20",4,0.3874,923.3249,26.7063,9.63871743,NA,NA,NA,NA,NA,NA,NA,NA,NA,NA,NA,NA,NA,NA,NA,NA,58584.32,NA,2020,"KlutinaLake",0.98,174.5126368,0.00963871743,1832,17.65813033176
"35","BC-35-2020","BC-20-35","BC-35-20","BC-20-35","2020-07-01","Middle","Baird Canyon","7/9/20",60.73831,-144.5687,2.048,46.2,NA,4,NA,11.4,NA,5.9,29.1,"F",0.098,"1-D6",NA,NA,NA,NA,NA,NA,4.2,NA,NA,1.78,"1-C6","N","Y",6,"Y","Y",0.042,7.7,"6.2",5.7,5.6,3.8,4.2,1.9,3,"",NA,"11/5/20",56.3,"11/10/20",20.4,0.6377,0.3623,NA,"11/15/20",2,0.3912,955.4635,26.5213,9.609849378,4,0.4298,923.3249,25.8724,9.374723979,NA,NA,NA,NA,NA,NA,NA,NA,NA,NA,NA,58584.32,NA,2020,"insufficient genotypes",0,NA,0.009609849378,2048,19.680971526144
"36","BC-36-2020","BC-20-36","BC-36-20","BC-20-36","2020-07-01","Middle","Baird Canyon","7/9/20",60.73831,-144.5687,1.548,40.1,NA,3.7,NA,11.2,NA,5.1,28.4,"F",0.124,"1-D3",10,0.4618,10,0.3906,10,0.4142,3.9,4.2,4,NA,"1-C3","N","Y",5,"Y","Y",0.064,7.9,"10.6",6.8,6.9,4,4.9,1.1,3.1,"",NA,"11/5/20",56.1,"11/10/20",20.3,0.6381,0.3619,NA,"11/15/20",2,0.4738,955.4635,28.467,10.30089305,NA,NA,NA,NA,NA,NA,NA,NA,NA,NA,NA,NA,NA,NA,NA,NA,58584.32,NA,2020,"Chitina",0.81,100.7487206,0.01030089305,1548,15.9457824414
"37","BC-37-2020","BC-20-37","BC-37-20","BC-20-37","2020-07-01","Middle","Baird Canyon","7/9/20",60.73831,-144.5687,2.684,47.3,NA,6.2,NA,13.3,NA,6.3,33,"M",0.084,"1-D2",NA,NA,NA,NA,NA,NA,NA,NA,NA,2.392,"1-C2","N","Y",9,"Y","Y",0.04,2.8,"3.1",2.4,3.1,1.8,1.5,1,1,"",NA,"11/5/20",57.3,"11/10/20",22.2,0.6126,0.3874,NA,"11/15/20",4,0.4203,923.3249,23.9636,9.284326702,NA,NA,NA,NA,NA,NA,NA,NA,NA,NA,NA,NA,NA,NA,NA,NA,58584.32,NA,2020,"KlutinaLake",0.89,174.5126368,0.009284326702,2684,24.919132868168
"38","BC-38-2020","BC-20-38","BC-38-20","BC-20-38","2020-07-01","Middle","Baird Canyon","7/9/20",60.73831,-144.5687,2.402,46.6,NA,5.5,NA,13.6,NA,6.8,32.9,"M",0.028,"1-D1",NA,NA,NA,NA,NA,NA,NA,NA,NA,2.184,"1-C1","Y","Y",8,"Y","Y",0.016,10.5,"8.7",7.9,8.6,5.5,8.1,4.5,4,"",NA,"11/5/20",72.1,"11/10/20",27.8,0.6144,0.3856,NA,"11/15/20",2,0.4367,955.4635,28.3494,10.93083662,NA,NA,NA,NA,NA,NA,NA,NA,NA,NA,NA,NA,NA,NA,NA,NA,58584.32,NA,2020,"insufficient genotypes",0,NA,0.01093083662,2402,26.25586956124
"39","BC-39-2020","BC-20-39","BC-39-20","BC-20-39","2020-07-01","Middle","Baird Canyon","7/10/20",60.73831,-144.5687,1.786,42.2,NA,3.9,NA,11.5,NA,5.3,29.8,"F",0.078,"1-E7",10,0.1876,10,0.1959,10,0.1616,3.6,3.4,3.4,1.58,"1-D3","N","Y",5,"Y","Y",0.034,7.7,"8.9",8.6,6.4,6.5,5.2,3,3.5,"",NA,"11/5/20",69.2,"11/10/20",26.4,0.6185,0.3815,NA,"11/15/20",4,0.4372,923.3249,27.5083,10.49449595,NA,NA,NA,NA,NA,NA,NA,NA,NA,NA,NA,NA,NA,NA,NA,NA,58584.32,NA,2020,"GulkanaHatchery",1,425.7602743,0.01049449595,1786,18.7431697667
"40","BC-40-2020","BC-20-40","BC-40-20","BC-20-40","2020-07-01","Middle","Baird Canyon","7/10/20",60.73831,-144.5687,2.686,45.6,NA,5.8,NA,13.4,NA,6,33.7,"M",0.026,"1-E5",NA,NA,NA,NA,NA,NA,NA,NA,NA,2.442,"1-D1","Y","Y",10,"Y","Y",0.012,10.7,"8.9",11,9.3,6.5,5.5,3,2,"",NA,"11/5/20",66.9,"11/10/20",25.1,0.6248,0.3752,NA,"11/15/20",2,0.4854,955.4635,29.8175,11.18713378,NA,NA,NA,NA,NA,NA,NA,NA,NA,NA,NA,NA,NA,NA,NA,NA,58584.32,NA,2020,"GulkanaHatchery",1,425.7602743,0.01118713378,2686,30.04864133308
"41","CA-1-2020","CA-20-41","CA-1-20","CA-20-41","2020-08-05","Late","Chitina Airport","9/23/20",61.586499,-144.427586,1.492,41.8,NA,4.8,NA,9.9,NA,5.1,25.4,"M",0.018,"2-B6",NA,NA,NA,NA,NA,NA,NA,NA,NA,1.366,"2-B2","Y","Y",6,"Y","Y",0.01,3.9,"3.3",3.2,2.4,1.6,1.2,0.8,0.8,"",NA,"11/14/20",121.1,"11/19/20",35.2,0.7093,0.2907,NA,"11/23/20",2,0.4236,955.4635,25.2043,7.326105367,NA,NA,NA,NA,NA,NA,NA,NA,NA,NA,NA,NA,NA,NA,NA,NA,150114.06,NA,2020,"Gulkanahatchery",1,425.7602743,0.007326105367,1492,10.930549207564
"42","CA-2-2020","CA-20-42","CA-2-20","CA-20-42","2020-08-06","Late","Chitina Airport","9/23/20",61.586499,-144.427586,2.206,45.3,NA,6.3,NA,11.8,NA,5.6,29.2,"M",0.064,"2-A7",NA,NA,NA,NA,NA,NA,NA,NA,NA,1.994,"2-A7","N","Y",5,"Y","Y",0.03,1.1,"0.8",0.8,0.8,1.3,0.8,1.6,0.7,"",NA,"11/14/20",115.1,"11/19/20",31.3,0.7281,0.2719,NA,"11/23/20",4,0.3961,923.3249,23.4554,6.378401564,NA,NA,NA,NA,NA,NA,NA,NA,NA,NA,NA,NA,NA,NA,NA,NA,150114.06,NA,2020,"KlutinaLake",0.89,174.5126368,0.006378401564,2206,14.070753850184
"43","CA-3-2020","CA-20-43","CA-3-20","CA-20-43","2020-08-06","Late","Chitina Airport","9/28/20",61.586499,-144.427586,2.29,46.7,NA,3.9,NA,12,NA,5.8,30.8,"F",0.266,"Fin Well ID 3(2)",NA,NA,NA,NA,NA,NA,5.1,NA,NA,1.93,"2-E3","N","Y",5,"Y","Y",0.116,0.7,"0.7",0.7,0.8,0.8,0.8,0.8,0.7,"",NA,"11/14/20",175,"11/19/20",47.7,0.7274,0.2726,NA,"11/24/20",2,0.394,955.4635,23.7983,6.486736629,NA,NA,NA,NA,NA,NA,NA,NA,NA,NA,NA,NA,NA,NA,NA,NA,150114.06,NA,2020,"KlutinaLake",0.7,174.5126368,0.006486736629,2290,14.85462688041
"44","CA-4-2020","CA-20-44","CA-4-20","CA-20-44","2020-08-06","Late","Chitina Airport","9/28/20",61.586499,-144.427586,1.492,41.4,NA,3.5,NA,10,NA,5,26,"F",0.158,"Fin well ID 7(2)",10,0.804,NA,NA,NA,NA,4.2,NA,NA,1.248,"2-E7","N","Y",5,"Y","Y",0.076,1,"0.7",0.7,1.2,0.6,0.7,0.5,0.9,"",NA,"11/14/20",108.1,"11/19/20",28.1,0.7401,0.2599,NA,"11/24/20",2,0.4491,955.4635,23.668,6.152366327,NA,NA,NA,NA,NA,NA,NA,NA,NA,NA,NA,NA,NA,NA,NA,NA,150114.06,NA,2020,"KlutinaLake",1,174.5126368,0.006152366327,1492,9.179330559884
"45","CA-5-2020","CA-20-45","CA-5-20","CA-20-45","2020-08-06","Late","Chitina Airport","9/23/20",61.586499,-144.427586,1.452,40.6,NA,4.5,NA,10.6,NA,4.7,26.1,"M",0.048,"2-B5",NA,NA,NA,NA,NA,NA,NA,NA,NA,1.312,"2-B1","N","Y",6,"Y","Y",0.024,3.9,"1.6",1.5,1.5,1.4,1.4,0.8,0.8,"",NA,"11/14/20",161.5,"11/19/20",48.1,0.7022,0.2978,NA,"11/24/20",2,0.4778,955.4635,23.399,6.968990093,NA,NA,NA,NA,NA,NA,NA,NA,NA,NA,NA,NA,NA,NA,NA,NA,150114.06,NA,2020,"KlutinaLake",0.7,174.5126368,0.006968990093,1452,10.118973615036
"46","CA-6-2020","CA-20-46","CA-6-20","CA-20-46","2020-08-06","Late","Chitina Airport","9/23/20",61.586499,-144.427586,1.17,38.1,NA,4.8,NA,9.7,NA,4.2,23.9,"M",0.056,"2-A5",NA,NA,NA,NA,NA,NA,NA,NA,NA,1.032,"2-A5","N","Y",6,"Y","Y",0.028,1.6,"1.5",2.9,1.2,2.3,0.9,1.6,0.8,"",NA,"11/14/20",183.8,"11/19/20",51.9,0.7176,0.2824,NA,"11/24/20",2,0.3783,955.4635,24.0486,6.790654733,NA,NA,NA,NA,NA,NA,NA,NA,NA,NA,NA,NA,NA,NA,NA,NA,150114.06,NA,2020,"KlutinaLake",0.89,174.5126368,0.006790654733,1170,7.94506603761
"47","CA-7-2020","CA-20-47","CA-7-20","CA-20-47","2020-08-06","Late","Chitina Airport","9/28/20",61.586499,-144.427586,1.63,41.9,NA,3.6,NA,10.5,NA,5.3,27.6,"F",0.19,"Fin well ID 48",10,0.7253,NA,NA,NA,NA,5,NA,NA,1.35,"2-D12","N","Y",5,"Y","Y",0.076,1.3,"1.1",1.5,1.3,1,0.8,1.3,0.6,"",NA,"11/14/20",182.3,"11/19/20",54.4,0.7016,0.2984,NA,"11/24/20",2,0.3975,955.4635,25.6418,7.651749424,NA,NA,NA,NA,NA,NA,NA,NA,NA,NA,NA,NA,NA,NA,NA,NA,150114.06,NA,2020,"KlutinaTonsinaOutlets",0.96,160.7660338,0.007651749424,1630,12.47235156112
"48","CA-8-2020","CA-20-48","CA-8-20","CA-20-48","2020-08-06","Late","Chitina Airport","9/23/20",61.586499,-144.427586,1.91,44.5,NA,5.1,NA,11.7,NA,5.5,28.1,"M",0.058,"2-B3",NA,NA,NA,NA,NA,NA,NA,NA,NA,1.752,"2-A11","N","Y",5,"Y","Y",0.03,4,"4.2",3.9,5.1,2.8,1.8,1.2,1.3,"",NA,"11/14/20",146.8,"11/19/20",48.2,0.6717,0.3283,NA,"11/24/20",2,0.4147,955.4635,16.4674,5.406871117,NA,NA,NA,NA,NA,NA,NA,NA,NA,NA,NA,NA,NA,NA,NA,NA,150114.06,NA,2020,"insufficient genotypes",0,NA,0.005406871117,1910,10.32712383347
"49","CA-9-2020","CA-20-49","CA-9-20","CA-20-49","2020-08-06","Late","Chitina Airport","9/24/20",61.586499,-144.427586,1.76,43.4,NA,5.4,NA,10.5,NA,4.9,26.6,"M",0.064,"2-C1",NA,NA,NA,NA,NA,NA,NA,NA,NA,1.592,"2-B5","N","Y",6,"Y","Y",0.036,0.8,"0.8",0.8,0.7,0.7,0.7,0.6,0.6,"",NA,"11/14/20",114.3,"11/19/20",29.7,0.7402,0.2598,NA,"11/24/20",2,0.381,955.4635,23.7752,6.177807874,NA,NA,NA,NA,NA,NA,NA,NA,NA,NA,NA,NA,NA,NA,NA,NA,150114.06,NA,2020,"insufficient genotypes",0,NA,0.006177807874,1760,10.87294185824
"50","CA-10-2020","CA-20-50","CA-10-20","CA-20-50","2020-08-06","Late","Chitina Airport","9/23/20",61.586499,-144.427586,2.442,48.2,NA,5.8,NA,13,NA,5.7,30.8,"M",0.044,"2-B7",NA,NA,NA,NA,NA,NA,NA,NA,NA,2.244,"2-B3","Y","Y",6,"Y","Y",0.024,6.6,"5.5",5.9,5.7,3.7,5.6,1.5,2.3,"",NA,"11/14/20",158.3,"11/19/20",55.6,0.6488,0.3512,NA,"11/24/20",2,0.4336,955.4635,29.0382,10.19914037,NA,NA,NA,NA,NA,NA,NA,NA,NA,NA,NA,NA,NA,NA,NA,NA,150114.06,NA,2020,"Gulkanahatchery",1,425.7602743,0.01019914037,2442,24.90630078354
"51","CA-11-2020","CA-20-51","CA-11-20","CA-20-51","2020-08-06","Late","Chitina Airport","9/28/20",61.586499,-144.427586,1.798,44.3,NA,4,NA,10.5,NA,5.2,27,"F",0.23,"Fin well ID 1(2)",10,0.7713,NA,NA,NA,NA,4.6,NA,NA,1.474,"2-E1 (1 oto)","N","Y",5,"Y","Y",0.106,NA,"",NA,NA,NA,NA,NA,NA,"",NA,"11/23/20",96.9,"1/5/21",24.6,0.7461,0.2539,NA,"2/5/21",4,0.407,923.3249,21.7376,5.518523839,4,0.4458,923.3249,21.4656,5.449471207,NA,NA,NA,NA,NA,NA,NA,NA,NA,NA,NA,150114.06,NA,2020,"KlutinaTonsinaOutlets",0.85,160.7660338,0.005518523839,1798,9.922305862522
"52","CA-12-2020","CA-20-52","CA-12-20","CA-20-52","2020-08-06","Late","Chitina Airport","9/28/20",61.586499,-144.427586,1.66,42,NA,3.7,NA,10.5,NA,5,26.8,"F",0.18,"Fin clip ID: 46",10,0.6211,NA,NA,NA,NA,4.4,NA,NA,1.384,"2-D10 (1 oto)","Y","Y",6,"Y","Y",0.086,4.3,"3.5",4.2,2.8,4.5,3.1,2.7,1.9,"",NA,"11/23/20",108.9,"1/5/21",35.4,0.6749,0.3251,NA,"2/5/21",2,0.4661,955.4635,25.5009,8.28954876,NA,NA,NA,NA,NA,NA,NA,NA,NA,NA,NA,NA,NA,NA,NA,NA,150114.06,NA,2020,"Gulkanahatchery",1,425.7602743,0.00828954876,1660,13.7606509416
"53","CA-13-2020","CA-20-53","CA-13-20","CA-20-53","2020-08-06","Late","Chitina Airport","9/28/20",61.586499,-144.427586,1.426,39.9,NA,3.6,NA,10.4,NA,4.7,26.1,"F",0.164,"Fin well ID: 9(2)",NA,NA,NA,NA,NA,NA,4.2,NA,NA,1.198,"2-E9 (1 oto)","N","Y",6,"Y","Y",0.092,0.8,"0.8",1.1,1.6,1.9,0.7,0.7,0.6,"",NA,"11/23/20",108.4,"1/5/21",28.6,0.7362,0.2638,NA,"2/5/21",2,0.4873,955.4635,23.876,6.299387454,NA,NA,NA,NA,NA,NA,NA,NA,NA,NA,NA,NA,NA,NA,NA,NA,150114.06,NA,2020,"KlutinaTonsinaOutlets",1,160.7660338,0.006299387454,1426,8.982926509404
"54","CA-14-2020","CA-20-54","CA-14-20","CA-20-54","2020-08-06","Late","Chitina Airport","",61.586499,-144.427586,2.076,48.5,NA,3.6,NA,10.5,NA,5.4,28,"F",0.18,"Fin well ID 2(2)",NA,NA,NA,NA,NA,NA,4.6,NA,NA,1.806,"2-E2","Y","Y",4,"Y","Y",0.09,1.3,"1.7",1,1.4,0.8,1.3,0.8,0.7,"",NA,"11/23/20",133,"1/5/21",39.7,0.7015,0.2985,NA,"2/5/21",4,0.5125,923.3249,18.1292,5.411498045,NA,NA,NA,NA,NA,NA,NA,NA,NA,NA,NA,NA,NA,NA,NA,NA,150114.06,NA,2020,"Gulkanahatchery",1,425.7602743,0.005411498045,2076,11.23426994142
"55","CA-15-2020","CA-20-55","CA-15-20","CA-20-55","2020-08-06","Late","Chitina Airport","9/24/20",61.586499,-144.427586,1.74,43.4,NA,5.3,NA,11.4,NA,4.9,27.5,NA,0.082,"2-D5",NA,NA,NA,NA,NA,NA,NA,NA,NA,1.534,"2-C5 (1 oto)","N","Y",NA,"Y","Y",0.042,1.2,"1.6",1,1.4,0.8,2.1,1.7,0.9,"",NA,"11/23/20",89.5,"1/5/21",25.6,0.714,0.286,NA,"2/5/21",4,0.424,923.3249,24.0732,6.885742123,NA,NA,NA,NA,NA,NA,NA,NA,NA,NA,NA,NA,NA,NA,NA,NA,150114.06,NA,2020,"insufficient genotypes",0,NA,0.006885742123,1740,11.98119129402
"56","CA-16-2020","CA-20-56","CA-16-20","CA-20-56","2020-08-06","Late","Chitina Airport","9/28/20",61.586499,-144.427586,1.872,44,NA,4,NA,11.2,NA,5.2,28.5,"F",0.192,"Fin Well ID: 5(2)",NA,NA,NA,NA,NA,NA,5.1,NA,NA,1.582,"2-E5 (1 OTO)","N","Y",6,"Y","Y",0.076,2.1,"1.6",1.8,1.5,1.6,1.9,1.3,0.8,"",NA,"11/23/20",110,"1/5/21",33.1,0.6991,0.3009,NA,"2/5/21",4,0.3226,923.3249,18.0088,5.419011636,NA,NA,NA,NA,NA,NA,NA,NA,NA,NA,NA,NA,NA,NA,NA,NA,150114.06,NA,2020,"KlutinaTonsinaOutlets",1,160.7660338,0.005419011636,1872,10.144389782592
"57","CA-17-2020","CA-20-57","CA-17-20","CA-20-57","2020-08-06","Late","Chitina Airport","9/23/20",61.586499,-144.427586,2.374,49.7,NA,7.2,NA,12.4,NA,6,30.2,"M",0.074,"2-B1",NA,NA,NA,NA,NA,NA,NA,NA,NA,2.16,"2-A9","Y","Y",6,"Y","Y",0.038,1.7,"1.5",1.7,1.8,1.2,1.5,0.8,1.5,"",NA,"11/23/20",86.8,"1/5/21",26.5,0.6947,0.3053,NA,"2/5/21",2,0.4074,955.4635,20.7262,6.327699309,NA,NA,NA,NA,NA,NA,NA,NA,NA,NA,NA,NA,NA,NA,NA,NA,150114.06,NA,2020,"Gulkanahatchery",1,425.7602743,0.006327699309,2374,15.021958159566
"58","CA-18-2020","CA-20-58","CA-18-20","CA-20-58","2020-08-06","Late","Chitina Airport","9/23/20",61.586499,-144.427586,1.352,40.3,NA,4.8,NA,10,NA,4.6,26,"M",0.042,"N/A",NA,NA,NA,NA,NA,NA,NA,NA,NA,1.236,"2-A2","Y","Y",5,"Y","Y",0.02,4.6,"3.3",2.8,2,3.4,1.4,1.2,1.4,"",NA,"11/23/20",114.7,"1/5/20",37,0.6774,0.3226,NA,"2/5/21",2,0.4213,955.4635,24.9155,8.037258065,NA,NA,NA,NA,NA,NA,NA,NA,NA,NA,NA,NA,NA,NA,NA,NA,150114.06,NA,2020,"Gulkanahatchery",1,425.7602743,0.008037258065,1352,10.86637290388
"59","CA-19-2020","CA-20-59","CA-19-20","CA-20-59","2020-08-06","Late","Chitina Airport","9/28/20",61.586499,-144.427586,1.336,40,NA,3.8,NA,9.7,NA,4.8,25.6,"F",0.134,"Fin well ID 47",NA,NA,NA,NA,NA,NA,5.2,NA,NA,1.132,"2-D11","N","Y",8,"Y","Y",0.064,1.5,"2.5",1.2,1.6,1.1,1.2,2,1,"",NA,"11/23/20",93.4,"1/5/21",27.2,0.7088,0.2912,NA,"2/5/21",4,0.4181,923.3249,23.8014,6.931456959,NA,NA,NA,NA,NA,NA,NA,NA,NA,NA,NA,NA,NA,NA,NA,NA,150114.06,NA,2020,"KlutinaLake",0.51,174.5126368,0.006931456959,1336,9.260426497224
"60","CA-20-2020","CA-20-60","CA-20-20","CA-20-60","2020-08-06","Late","Chitina Airport","9/23/20",61.586499,-144.427586,2.296,47.3,NA,6.2,NA,12,NA,6,29.9,"M",0.09,"2-B4",NA,NA,NA,NA,NA,NA,NA,NA,NA,2.068,"2-A12 (1 OTO)","Y","Y",6,"Y","Y",0.044,4.1,"2.8",5.1,2.5,3,1.5,1,0.9,"",0,"11/23/20",128,"1/5/20",41.3,0.6773,0.3227,NA,"2/5/21",2,0.423,955.4635,27.4226,8.848073281,NA,NA,NA,NA,NA,NA,NA,NA,NA,NA,NA,NA,NA,NA,NA,NA,150114.06,NA,2020,"Gulkanahatchery",1,425.7602743,0.008848073281,2296,20.315176253176
"61","BC-1-2021","BC-1-2021","BC-1-21","BC-L-1","2021-06-02","Early","Baird Canyon","6/23/21",60.73831,-144.5687,2.328,45.4,NA,3.3,NA,13.7,NA,7.7,31,"F",0.132,"1-C1",10,0.4759,NA,NA,NA,NA,5.5,NA,NA,2.088,"1-B5","N","Y",5,"Y","Y",0.072,9.2,"8",9.1,7.6,5.8,5.5,2.5,2.6,"",NA,"9/24/21",64.7,"9/28/21",23.6,0.6352,0.3648,NA,"10/1/21",2,0.3798,955.4635,25.689,9.370330757,NA,9.0774,NA,NA,NA,NA,NA,NA,NA,NA,NA,NA,NA,NA,NA,NA,58584.32,NA,2021,"Gulkana",0.96,390.7567857,0.009370330757,2328,21.814130002296
"62","BC-2-2021","BC-2-2021","BC-2-21","BC-L-2","2021-06-02","Early","Baird Canyon","6/23/21",60.73831,-144.5687,1.646,42.2,NA,3.1,NA,11.4,NA,6.4,28.4,"F",0.15,"1-C3",10,0.5758,NA,NA,NA,NA,5,NA,NA,1.4,"1-B7","N","Y",5,"Y","Y",0.084,4.9,"4.6",2.7,3.3,1.2,1.4,1.3,1.5,"",NA,"9/24/21",71.4,"9/30/21",22.5,0.6849,0.3151,NA,"10/1/21",2,0.2907,955.4635,25.4255,8.012237395,NA,NA,NA,NA,NA,NA,NA,NA,NA,NA,NA,NA,NA,NA,NA,NA,58584.32,NA,2021,"KlutinaLake",0.87,174.5126368,0.008012237395,1646,13.18814275217
"63","BC-3-2021","BC-3-2021","BC-3-21","BC-L-3","2021-06-02","Early","Baird Canyon","6/23/21",60.73831,-144.5687,2.564,46.3,NA,4.1,NA,14.2,NA,7.7,34.3,"F",0.222,"1-B7",12,0.8384,NA,NA,NA,NA,4.1,NA,NA,2.222,"1-B3","N","Y",5,"Y","Y",0.11,10.3,"10.4",7.8,7.4,5.7,5.2,3.1,4.2,"",NA,"9/24/21",122,"9/30/21",43.1,0.6467,0.3533,NA,"10/1/21",4,0.3544,923.3249,26.1136,9.225378361,NA,NA,NA,NA,NA,NA,NA,NA,NA,NA,NA,NA,NA,NA,NA,NA,58584.32,NA,2021,"KlutinaLake",0.98,174.5126368,0.009225378361,2564,23.653870117604
"64","BC-4-2021","BC-4-2021","BC-4-21","BC-L-4","2021-06-02","Early","Baird Canyon","6/23/21",60.73831,-144.5687,1.984,46.5,NA,4.3,NA,12.3,NA,6.5,29.5,"F",0.088,"1-B3",10,0.276,NA,NA,NA,NA,4.5,NA,NA,1.804,"1-A11","N","Y",6,"Y","Y",0.04,7,"14.3",11.5,12.1,3.9,4.4,2.6,3.2,"",NA,"9/24/21",115,"9/30/21",42.9,0.627,0.373,NA,"10/1/21",2,0.3475,955.4635,28.4498,10.61301235,NA,NA,NA,NA,NA,NA,NA,NA,NA,NA,NA,NA,NA,NA,NA,NA,58584.32,NA,2021,"TanadaCopperLakes",1,418.9684539,0.01061301235,1984,21.0562165024
"65","BC-5-2021","BC-5-2021","BC-5-21","BC-L-5","2021-06-02","Early","Baird Canyon","6/23/21",60.73831,-144.5687,2.44,46.6,NA,3.3,NA,13.8,NA,7.9,33,"F",0.112,"1-B8",10,0.1978,NA,NA,NA,NA,4.5,NA,NA,2.198,"1-B4","N","Y",5,"Y","Y",0.052,7,"7.2",6.4,8.5,2.9,3.5,2.6,2.1,"",NA,"9/24/21",106.6,"9/30/21",36.2,0.6604,0.3396,NA,"10/1/21",4,0.3263,923.3249,26.0386,8.84237636,NA,NA,NA,NA,NA,NA,NA,NA,NA,NA,NA,NA,NA,NA,NA,NA,58584.32,NA,2021,"Chitina",0.99,100.7487206,0.00884237636,2440,21.5753983184
"66","BC-6-2021","BC-6-2021","BC-6-21","BC-L-6","2021-06-02","Early","Baird Canyon","6/11/21",60.73831,-144.5687,3.462,53.6,NA,5.9,NA,14.9,NA,7.8,37,"M",0.066,"1-A1",NA,NA,NA,NA,NA,NA,NA,NA,NA,3.24,"1-A1","N","Y",NA,"Y","Y",0.032,15,"14.6",10.2,12,4.7,10.3,3.7,3.8,"",NA,"9/24/21",148.9,"9/30/21",55.2,0.6293,0.3707,NA,"10/1/21",4,0.4734,923.3249,25.2722,9.368874681,2,0.3773,955.4635,26.8256,9.944748959,4,0.3954,923.3249,26.0424,9.865406987,NA,NA,NA,NA,NA,NA,58584.32,NA,2021,"TanadaCopperLakes",1,418.9684539,0.009368874681,3462,32.435044145622
"67","BC-7-2021","BC-7-2021","BC-7-21","BC-L-7","2021-06-02","Early","Baird Canyon","6/23/21",60.73831,-144.5687,1.892,43.6,NA,3.4,NA,12.8,NA,6.4,30.5,"F",0.132,"1-C4",10,0.3339,NA,NA,NA,NA,5.2,NA,NA,1.674,"1-B8","N","Y",5,"Y","Y",0.064,7.6,"6.4",7,6.5,3.7,4.8,1.4,3.3,"",NA,"9/24/21",91.6,"9/30/21",34.7,0.6212,0.3788,NA,"10/1/21",2,0.3331,955.4635,27.0696,10.25453188,NA,NA,NA,NA,NA,NA,NA,NA,NA,NA,NA,NA,NA,NA,NA,NA,58584.32,NA,2021,"KlutinaLake",0.97,174.5126368,0.01025453188,1892,19.40157431696
"68","BC-8-2021","BC-8-2021","BC-8-21","BC-L-8","2021-06-02","Early","Baird Canyon","6/11/21",60.73831,-144.5687,2.306,45.1,NA,4.8,NA,12.5,NA,6.4,71.5,"M",0.078,"1-A4",NA,NA,NA,NA,NA,NA,NA,NA,NA,2.124,"1-A4","N","Y",8,"Y","Y",0.038,8.3,"8.9",9,9.6,6.1,5.3,2.9,2.9,"",NA,"9/24/21",104.9,"9/30/21",36.8,0.6492,0.3508,NA,"10/1/21",4,0.3048,923.3249,26.467,9.284896092,NA,NA,NA,NA,NA,NA,NA,NA,NA,NA,NA,NA,NA,NA,NA,NA,58584.32,NA,2021,"Slana",1,381.3977877,0.009284896092,2306,21.410970388152
"69","BC-9-2021","BC-9-2021","BC-9-21","BC-L-9","2021-06-02","Early","Baird Canyon","6/11/21",60.73831,-144.5687,2.682,48.7,NA,4.8,NA,13.8,NA,7.9,34.4,"M",0.048,"1-A3",NA,NA,NA,NA,NA,NA,NA,NA,NA,2.506,"1-A3 (No otoliths)","NO READ","Y",NA,"Y","Y",0.026,12.4,"12.9",11.8,12.4,8.6,8.2,3.5,3.7,"",NA,"9/24/21",125.3,"9/30/21",47.2,0.6233,0.3767,NA,"10/1/21",2,0.3223,955.4635,26.7901,10.09172163,NA,NA,NA,NA,NA,NA,NA,NA,NA,NA,NA,NA,NA,NA,NA,NA,58584.32,NA,2021,"KlutinaLake",1,174.5126368,0.01009172163,2682,27.06599741166
"70","BC-10-2021","BC-10-2021","BC-10-21","BC-L-10","2021-06-02","Early","Baird Canyon","6/11/21",60.73831,-144.5687,1.87,44.8,NA,3.9,NA,12.5,NA,6,30,"M",0.04,"1-B2",NA,NA,NA,NA,NA,NA,NA,NA,NA,1.732,"1-A10","N","Y",NA,"Y","Y",0.02,9.9,"10",12.1,9.8,5.2,6.4,2.7,3.4,"",NA,"9/24/21",78.7,"9/30/21",31,0.6061,0.3939,NA,"10/1/21",4,0.2511,923.3249,23.3946,9.215153748,NA,NA,NA,NA,NA,NA,NA,NA,NA,NA,NA,NA,NA,NA,NA,NA,58584.32,NA,2021,"Slana",1,381.3977877,0.009215153748,1870,17.23233750876
"71","BC-11-2021","BC-11-2021","BC-11-21","BC-L-11","2021-06-02","Early","Baird Canyon","6/11/21",60.73831,-144.5687,1.852,42.7,NA,3.8,NA,12.5,NA,6.5,29,"M",0.072,"1-A8",NA,NA,NA,NA,NA,NA,NA,NA,NA,1.678,"1-A8","N","Y",NA,"Y","Y",0.038,7.6,"8.4",6.8,7.8,2.8,4.2,2,1.8,"",NA,"9/24/21",100.8,"9/29/21",29.6,0.7063,0.2937,NA,"10/1/21",2,0.3795,955.4635,26.3579,7.740018254,NA,NA,NA,NA,NA,NA,NA,NA,NA,NA,NA,NA,NA,NA,NA,NA,58584.32,NA,2021,"KlutinaLake",1,174.5126368,0.007740018254,1852,14.334513806408
"72","BC-12-2021","BC-12-2021","BC-12-21","BC-L-12","2021-06-02","Early","Baird Canyon","6/23/21",60.73831,-144.5687,2.106,45.3,NA,3.5,NA,12.5,NA,7,30.5,"F",0.148,"1-B6",10,0.3742,NA,NA,NA,NA,4.5,NA,NA,1.852,"1-B2","N","Y",5,"Y","Y",0.058,15.5,"12.4",12,9.9,5.5,5.5,3.9,2.6,"",NA,"9/24/21",97,"9/29/21",34.1,0.6485,0.3515,NA,"10/1/21",4,0.4261,955.4635,27.6429,9.717761753,NA,NA,NA,NA,NA,NA,NA,NA,NA,NA,NA,NA,NA,NA,NA,NA,58584.32,NA,2021,"Slana",1,381.3977877,0.009717761753,2106,20.465606251818
"73","BC-13-2021","BC-13-2021","BC-13-21","BC-L-13","2021-06-02","Early","Baird Canyon","6/23/21",60.73831,-144.5687,1.92,43.8,NA,4.5,NA,11.9,NA,6.3,28.6,"F",0.176,"1-C2",10,0.5919,NA,NA,NA,NA,6,NA,NA,1.654,"1-B6","N","Y",5,"Y","Y",0.094,5.4,"4.7",4.5,2.9,1.5,2.6,1.3,1.6,"",NA,"9/26/21",81.8,"9/30/21",28.3,0.654,0.346,NA,"10/1/21",2,0.2672,955.4635,26.5696,9.192172127,NA,NA,NA,NA,NA,NA,NA,NA,NA,NA,NA,NA,NA,NA,NA,NA,58584.32,NA,2021,"Slana",1,381.3977877,0.009192172127,1920,17.64897048384
"74","BC-14-2021","BC-14-2021","BC-14-21","BC-L-14","2021-06-02","Early","Baird Canyon","6/23/21",60.73831,-144.5687,1.206,38.8,NA,2.5,NA,10.5,NA,6,25,"F",0.092,"1-B4",10,0.4723,NA,NA,NA,NA,5,NA,NA,1.052,"1-A12","N","Y",5,"Y","Y",0.036,10.7,"8.2",7.9,8,4.8,2.5,2,2.3,"",NA,"9/26/21",88.8,"9/30/21",28.6,0.6779,0.3221,NA,"10/1/21",4,0.2772,923.3249,25.4265,8.189165541,NA,NA,NA,NA,NA,NA,NA,NA,NA,NA,NA,NA,NA,NA,NA,NA,58584.32,NA,2021,"KlutinaLake",0.97,174.5126368,0.008189165541,1206,9.876133642446
"75","BC-15-2021","BC-15-2021","BC-15-21","BC-L-15","2021-06-02","Early","Baird Canyon","6/11/21",60.73831,-144.5687,2.594,47.5,NA,4.4,NA,12.9,NA,7.4,33,"M",0.058,"1-A2",NA,NA,NA,NA,NA,NA,NA,NA,NA,2.432,"1-A2","N","Y",15,"Y","Y",0.03,10.8,"11.7",13.4,11.9,7.2,8.8,1.6,3.9,"",NA,"9/26/21",142.4,"10/1/21",50.5,0.6454,0.3546,NA,"10/5/21",2,0.4605,955.4635,26.8631,9.526590941,NA,NA,NA,NA,NA,NA,NA,NA,NA,NA,NA,NA,NA,NA,NA,NA,58584.32,NA,2021,"Slana",1,381.3977877,0.009526590941,2594,24.711976900954
"76","BC-16-2021","BC-16-2021","BC-16-21","BC-L-16","2021-06-02","Early","Baird Canyon","6/11/21",60.73831,-144.5687,1.898,43.7,NA,4.3,NA,11.5,NA,6.6,29.2,"M",0.038,"1-B1",NA,NA,NA,NA,NA,NA,NA,NA,NA,1.756,"1-A9","N","Y",5,"Y","Y",0.016,9.5,"7.1",9.3,7.4,5,3.1,3,1.8,"",NA,"9/26/21",107.4,"9/30/21",36.5,0.6601,0.3399,NA,"10/1/21",2,0.3388,923.3249,24.3757,8.284106611,NA,NA,NA,NA,NA,NA,NA,NA,NA,NA,NA,NA,NA,NA,NA,NA,58584.32,NA,2021,"Slana",1,381.3977877,0.008284106611,1898,15.723234347678
"77","BC-17-2021","BC-17-2021","BC-17-21","BC-L-17","2021-06-02","Early","Baird Canyon","6/23/21",60.73831,-144.5687,2.114,46.8,NA,3.8,NA,11.7,NA,6.7,29.8,"F",0.124,"1-B5",10,0.2936,NA,NA,NA,NA,4,NA,NA,1.898,"1-B1","N","Y",5,"Y","Y",0.054,16.5,"11.7",10.5,8.5,4.1,4.7,3,3.8,"",NA,"9/26/21",136.2,"10/1/21",47.7,0.6498,0.3502,NA,"10/5/21",4,0.2614,923.3249,26.1097,9.144146035,NA,NA,NA,NA,NA,NA,NA,NA,NA,NA,NA,NA,NA,NA,NA,NA,58584.32,NA,2021,"KlutinaLake",1,174.5126368,0.009144146035,2114,19.33072471799
"78","BC-18-2021","BC-18-2021","BC-18-21","BC-L-18","2021-06-02","Early","Baird Canyon","6/11/21",60.73831,-144.5687,2.974,50.2,NA,5.7,NA,14.1,NA,7,35,"M",0.108,"1-A6",NA,NA,NA,NA,NA,NA,NA,NA,NA,2.76,"1-A6","N","Y",NA,"Y","Y",0.052,7,"7.3",5.7,4.5,4.2,3.4,1.7,1.8,"",NA,"9/26/21",80.9,"9/30/21",27.1,0.665,0.335,NA,"10/4/21",2,0.3335,955.4635,24.9941,8.372560074,4,0.3421,923.3249,25.7522,8.626509518,NA,NA,NA,NA,NA,NA,NA,NA,NA,NA,NA,58584.32,NA,2021,"Chitina",0.98,100.7487206,0.008372560074,2974,24.899993660076
"79","BC-19-2021","BC-19-2021","BC-19-21","BC-L-19","2021-06-02","Early","Baird Canyon","6/11/21",60.73831,-144.5687,1.792,43.2,NA,4.1,NA,11.6,NA,6.4,29,"M",0.07,"1-A5",NA,NA,NA,NA,NA,NA,NA,NA,NA,1.652,"1-A5","N","Y",5,"Y","Y",0.032,6.6,"6.5",7.9,9.5,2.4,4.2,1.7,2,"",NA,"10/4/21",107.9,"10/7/21",33.4,0.6905,0.3095,NA,"10/8/21",4,0.4112,923.3249,26.3708,8.162972382,NA,NA,NA,NA,NA,NA,NA,NA,NA,NA,NA,NA,NA,NA,NA,NA,58584.32,NA,2021,"Slana",1,381.3977877,0.008162972382,1792,14.628046508544
"80","BC-20-2021","BC-20-2021","BC-20-21","BC-L-20","2021-06-02","Early","Baird Canyon","6/11/21",60.73831,-144.5687,3.154,50.5,NA,4.7,NA,15.1,NA,7.7,37.2,"M",0.074,"1-A7",NA,NA,NA,NA,NA,NA,NA,NA,NA,2.932,"1-A7","N","Y",5,"Y","Y",0.034,10.3,"9.9",14.1,11.6,9.6,7.6,6.9,4.7,"",NA,"9/27/21",145,"10/4/21",48,0.669,0.331,NA,"10/5/21",2,0.2546,955.4635,27.0064,8.940049655,NA,NA,NA,NA,NA,NA,NA,NA,NA,NA,NA,NA,NA,NA,NA,NA,58584.32,NA,2021,"KlutinaLake",1,174.5126368,0.008940049655,3154,28.19691661187
"81","BC-21-2021","BC-21-2021","BC-21-21","BC-L-21","2021-06-18","Middle","Baird Canyon","6/24/21",60.73831,-144.5687,1.882,44.6,NA,3.9,NA,11.6,NA,7.2,28.5,"F",0.166,"1-D1",10,0.6253,NA,NA,NA,NA,4.1,NA,NA,1.642,"1-C1","N","Y",5,"Y","Y",0.066,6.1,"7.8",4.6,4.7,1.6,1.7,1,1.2,"",NA,"9/27/21",122,"10/1/21",36.1,0.7041,0.2959,NA,"10/5/21",4,0.3192,923.3249,26.0172,7.698532131,NA,NA,NA,NA,NA,NA,NA,NA,NA,NA,NA,NA,NA,NA,NA,NA,58584.32,NA,2021,"Slana",1,381.3977877,0.007698532131,1882,14.488637470542
"82","BC-22-2021","BC-22-2021","BC-22-21","BC-L-22","2021-06-18","Middle","Baird Canyon","6/25/21",60.73831,-144.5687,2.308,46.1,NA,5,NA,12.8,NA,7.6,31.6,"M",0.092,"1-E2",NA,NA,NA,NA,NA,NA,NA,NA,NA,2.128,"1-C10","N","Y",5,"Y","Y",0.05,8,"10.3",6.8,10.1,4.6,5,2.3,2.5,"",NA,"9/27/21",113,"10/1/21",39,0.6549,0.3451,NA,"10/5/21",2,0.3678,955.4635,25.918,8.945150442,NA,NA,NA,NA,NA,NA,NA,NA,NA,NA,NA,NA,NA,NA,NA,NA,58584.32,NA,2021,"GulkanaHatchery",0.98,425.7602743,0.008945150442,2308,20.645407220136
"83","BC-23-2021","BC-23-2021","BC-23-21","BC-L-23","2021-06-18","Middle","Baird Canyon","6/25/21",60.73831,-144.5687,2.256,44.2,NA,4.5,NA,13.2,NA,7.5,32.8,"M",0.094,"1-E4",NA,NA,NA,NA,NA,NA,NA,NA,NA,2.084,"1-C12","N","Y",5,"Y","Y",0.048,6,"7",7.2,6.4,2.6,1.9,2.9,1.3,"",NA,"9/27/21",102,"10/4/21",32,0.6863,0.3137,NA,"10/5/21",4,0.3031,923.3249,26.0289,8.165929412,NA,NA,NA,NA,NA,NA,NA,NA,NA,NA,NA,NA,NA,NA,NA,NA,58584.32,NA,2021,"KlutinaLake",1,174.5126368,0.008165929412,2256,18.422336753472
"84","BC-24-2021","BC-24-2021","BC-24-21","BC-L-24","2021-06-18","Middle","Baird Canyon","6/25/21",60.73831,-144.5687,3.492,51.1,NA,5.6,NA,14.6,NA,8.1,36.9,"M",0.074,"1-D7",NA,NA,NA,NA,NA,NA,NA,NA,NA,3.276,"1-C7","N","Y",5,"Y","Y",0.038,8.5,"9.5",6.5,8.8,4.4,4.2,2.9,2.1,"",NA,"9/27/21",115,"10/4/21",38.8,0.6626,0.3374,NA,"10/5/21",2,0.5057,955.4635,28.4147,9.586872696,NA,NA,NA,NA,NA,NA,NA,NA,NA,NA,NA,NA,NA,NA,NA,NA,58584.32,NA,2021,"Chitina",0.99,100.7487206,0.009586872696,3492,33.477359454432
"85","BC-25-2021","BC-25-2021","BC-25-21","BC-L-25","2021-06-18","Middle","Baird Canyon","6/25/21",60.73831,-144.5687,2.022,46.2,NA,4.8,NA,12.2,NA,6.7,30,"M",0.044,"1-E8",NA,NA,NA,NA,NA,NA,NA,NA,NA,1.894,"1-D4","N","Y",5,"Y","Y",0.022,8.6,"10.1",8.5,12.2,4.5,4.5,2.7,4.4,"",NA,"9/27/21",107,"10/4/21",36.8,0.6561,0.3439,NA,"10/5/21",4,0.3928,923.3249,26.7186,9.189200748,NA,NA,NA,NA,NA,NA,NA,NA,NA,NA,NA,NA,NA,NA,NA,NA,58584.32,NA,2021,"TanadaCopperLakes",1,418.9684539,0.009189200748,2022,18.580563912456
"86","BC-26-2021","BC-26-2021","BC-26-21","BC-L-26","2021-06-18","Middle","Baird Canyon","6/25/21",60.73831,-144.5687,1.396,37.4,NA,3.6,NA,11.4,NA,6.4,27.3,"M",0.086,"1-E6",NA,NA,NA,NA,NA,NA,NA,NA,NA,1.262,"1-D2","N","Y",5,"Y","Y",0.044,6,"5.9",3.9,4.7,1.8,1.9,1.1,2,"",NA,"9/27/21",116,"10/4/21",34.2,0.7052,0.2948,NA,"10/5/21",2,0.4059,955.4635,26.1898,7.721475517,NA,NA,NA,NA,NA,NA,NA,NA,NA,NA,NA,NA,NA,NA,NA,NA,58584.32,NA,2021,"KlutinaLake",1,174.5126368,0.007721475517,1396,10.779179821732
"87","BC-27-2021","BC-27-2021","BC-27-21","BC-L-27","2021-06-18","Middle","Baird Canyon","6/24/21",60.73831,-144.5687,1.546,40.1,NA,3,NA,10.5,NA,7.2,26.9,"F",0.194,"1-C5",10,0.859,NA,NA,NA,NA,5.5,NA,NA,1.28,"1-B9","N","Y",5,"Y","Y",0.09,4.1,"5.3",4.5,5.1,4.2,3.2,1.2,1.4,"",NA,"9/27/21",124,"10/1/21",32.9,0.7347,0.2653,NA,"10/5/21",4,0.3167,923.3249,25.0733,6.652512661,NA,NA,NA,NA,NA,NA,NA,NA,NA,NA,NA,NA,NA,NA,NA,NA,58584.32,NA,2021,"KlutinaLake",1,174.5126368,0.006652512661,1546,10.284784573906
"88","BC-28-2021","BC-28-2021","BC-28-21","BC-L-28","2021-06-18","Middle","Baird Canyon","6/25/21",60.73831,-144.5687,1.964,44.9,NA,4.2,NA,11.7,NA,7.2,29.7,"M",0.066,"1-E3",NA,NA,NA,NA,NA,NA,NA,NA,NA,1.822,"1-C11","N","Y",5,"Y","Y",0.032,9,"8",6.4,7.2,2.8,2.7,2.2,2.2,"",NA,"9/27/21",134,"10/4/21",45.9,0.6575,0.3425,NA,"10/5/21",2,0.3182,955.4635,26.7156,9.151089851,NA,NA,NA,NA,NA,NA,NA,NA,NA,NA,NA,NA,NA,NA,NA,NA,58584.32,NA,2021,"GulkanaHatchery",1,425.7602743,0.009151089851,1964,17.972740467364
"89","BC-29-2021","BC-29-2021","BC-29-21","BC-L-29","2021-06-18","Middle","Baird Canyon","6/24/21",60.73831,-144.5687,2.126,45.5,NA,3.5,NA,11.8,NA,6.7,30,"F",0.11,"1-D4",10,0.401,NA,NA,NA,NA,4.3,NA,NA,1.918,"1-C4","N","Y",5,"Y","Y",0.048,10.4,"11.7",8.4,8.5,4.3,4.3,3.6,4.1,"",NA,"9/27/21",119,"10/1/21",43.1,0.6378,0.3622,NA,"10/5/21",4,0.3067,923.3249,24.0307,8.70355605,NA,NA,NA,NA,NA,NA,NA,NA,NA,NA,NA,NA,NA,NA,NA,NA,58584.32,NA,2021,"TanadaCopperLakes",1,418.9684539,0.00870355605,2126,18.5037601623
"90","BC-30-2021","BC-30-2021","BC-30-21","BC-L-30","2021-06-18","Middle","Baird Canyon","6/24/21",60.73831,-144.5687,2.546,49,NA,4.1,NA,13.3,NA,7.9,32.5,"F",0.06,"1-C8",10,0.5788,NA,NA,NA,NA,3.9,NA,NA,2.352,"1-B12","N","Y",5,"Y","Y",0.06,15.3,"15.7",12.1,13.2,8.9,7.1,4.5,3.4,"",NA,"9/27/21",101,"10/4/21",38.2,0.6218,0.3782,NA,"10/5/21",2,0.2617,955.4635,28.2575,10.6874901,NA,NA,NA,NA,NA,NA,NA,NA,NA,NA,NA,NA,NA,NA,NA,NA,58584.32,NA,2021,"TanadaCopperLakes",1,418.9684539,0.0106874901,2546,27.2103497946
"91","BC-31-2021","BC-31-2021","BC-31-21","BC-L-31","2021-06-18","Middle","Baird Canyon","6/24/21",60.73831,-144.5687,2.308,48.5,NA,4,NA,12.8,NA,7.1,32,"F",0.094,"1-C7",10,0.4008,NA,NA,NA,NA,3.2,NA,NA,2.134,"1-B11","N","Y",5,"Y","Y",0.046,20.6,"19",15.8,15.5,9.7,6.8,4.5,3.4,"",NA,"9/27/21",122,"10/1/21",43.2,0.6459,0.3541,NA,"10/5/21",4,0.3024,923.3249,26.4667,9.371815082,NA,NA,NA,NA,NA,NA,NA,NA,NA,NA,NA,NA,NA,NA,NA,NA,58584.32,NA,2021,"TanadaCopperLakes",1,418.9684539,0.009371815082,2308,21.630149209256
"92","BC-32-2021","BC-32-2021","BC-32-21","BC-L-32","2021-06-18","Middle","Baird Canyon","6/24/21",60.73831,-144.5687,1.934,44,NA,4,NA,12.2,NA,7.3,29.8,"F",0.074,"1-C6",10,0.4018,NA,NA,NA,NA,3.6,NA,NA,1.79,"1-B10","N","Y",5,"Y","Y",0.034,16.4,"17.4",13,13.1,6.3,6.8,4.1,3.5,"",NA,"9/27/21",104,"10/1/21",35.3,0.6606,0.3394,NA,"10/5/21",2,0.2865,955.4635,26.4787,8.987481827,NA,NA,NA,NA,NA,NA,NA,NA,NA,NA,NA,NA,NA,NA,NA,NA,58584.32,NA,2021,"TanadaCopperLakes",1,418.9684539,0.008987481827,1934,17.381789853418
"93","BC-33-2021","BC-33-2021","BC-33-21","BC-L-33","2021-06-18","Middle","Baird Canyon","6/24/21",60.73831,-144.5687,2.418,48.8,NA,3.5,NA,12.9,NA,7.1,31.3,"F",0.112,"1-D2",10,0.3886,NA,NA,NA,NA,3.7,NA,NA,2.204,"1-C2","N","Y",5,"Y","Y",0.056,15.3,"15.5",13.4,13.1,9,7.6,4.9,5.1,"",NA,"9/27/21",92,"10/1/21",32.1,0.6511,0.3489,NA,"10/5/21",4,0.4372,923.3249,26.8033,9.352020978,2,0.3798,955.4635,27.7401,9.678882717,NA,NA,NA,NA,NA,NA,NA,NA,NA,NA,NA,58584.32,NA,2021,"TanadaCopperLakes",1,418.9684539,0.009352020978,2418,22.613186724804
"94","BC-34-2021","BC-34-2021","BC-34-21","BC-L-34","2021-06-18","Middle","Baird Canyon","6/24/21",60.73831,-144.5687,1.906,44.5,NA,3.5,NA,11.2,NA,7.5,29,"F",0.188,"1-D5",10,0.7367,NA,NA,NA,NA,4.7,NA,NA,1.63,"1-C5","N","Y",5,"Y","Y",0.096,10.8,"9.3",6.7,8,2.8,3.4,1.3,2.4,"",NA,"9/27/21",103,"10/1/21",34.8,0.6621,0.3379,NA,"10/5/21",4,0.2759,923.3249,26.8691,9.078103689,NA,NA,NA,NA,NA,NA,NA,NA,NA,NA,NA,NA,NA,NA,NA,NA,58584.32,NA,2021,"Slana",1,381.3977877,0.009078103689,1906,17.302865631234
"95","BC-35-2021","BC-35-2021","BC-35-21","BC-L-35","2021-06-18","Middle","Baird Canyon","6/25/21",60.73831,-144.5687,2.3,48.1,NA,4.4,NA,12.7,NA,7.4,31.6,"M",0.056,"1-E1",NA,NA,NA,NA,NA,NA,NA,NA,NA,2.168,"1-C9","N","Y",5,"Y","Y",0.028,9.3,"9.5",7,7.3,2.9,3,1.6,1.4,"",NA,"9/27/21",106,"10/1/21",36.9,0.6519,0.3481,NA,"10/5/21",2,0.271,955.4635,27.4529,9.556717075,NA,NA,NA,NA,NA,NA,NA,NA,NA,NA,NA,NA,NA,NA,NA,NA,58584.32,NA,2021,"TanadaCopperLakes",1,418.9684539,0.009556717075,2300,21.9804492725
"96","BC-36-2021","BC-36-2021","BC-36-21","BC-L-36","2021-06-18","Middle","Baird Canyon","6/25/21",60.73831,-144.5687,2.016,43.9,NA,4.4,NA,12.4,NA,7.1,30.5,"M",0.068,"1-D8",NA,NA,NA,NA,NA,NA,NA,NA,NA,1.864,"1-C8","N","Y",5,"Y","Y",0.032,8,"7.9",5.3,6.1,2.2,2,1.8,1.7,"",NA,"9/27/21",152,"10/4/21",48.7,0.6796,0.3204,NA,"10/5/21",2,0.3106,955.4635,26.3307,8.436217697,NA,NA,NA,NA,NA,NA,NA,NA,NA,NA,NA,NA,NA,NA,NA,NA,58584.32,NA,2021,"KlutinaLake",1,174.5126368,0.008436217697,2016,17.007414877152
"97","BC-37-2021","BC-37-2021","BC-37-21","BC-L-37","2021-06-18","Middle","Baird Canyon","6/25/21",60.73831,-144.5687,2.668,48.8,NA,4.3,NA,13.7,NA,6.6,33,"M",0.078,"1-E5",NA,NA,NA,NA,NA,NA,NA,NA,NA,2.468,"1-D1","N","Y",5,"Y","Y",0.036,4.9,"5.3",4.3,5.1,1.8,1.7,1.3,1.3,"",NA,"9/27/21",115,"10/4/21",35.9,0.6878,0.3122,NA,"10/5/21",4,0.2958,923.3249,25.2136,7.871028174,NA,NA,NA,NA,NA,NA,NA,NA,NA,NA,NA,NA,NA,NA,NA,NA,58584.32,NA,2021,"Chitina",0.61,100.7487206,0.007871028174,2668,20.999903168232
"98","BC-38-2021","BC-38-2021","BC-38-21","BC-L-38","2021-06-18","Middle","Baird Canyon","6/25/21",60.73831,-144.5687,2,44,NA,4.1,NA,12.5,NA,7.5,30.6,"M",0.086,"1-E7",NA,NA,NA,NA,NA,NA,NA,NA,NA,1.846,"1-D3","N","Y",5,"Y","Y",0.046,3.7,"4",4.1,3.8,1.6,1.4,1.2,1,"",NA,"10/4/21",118,"10/8/21",34.7,0.7059,0.2941,NA,"10/8/21",2,0.308,955.4635,26.0478,7.659819153,4,0.2924,923.3249,25.1529,7.396657881,NA,NA,NA,NA,NA,NA,NA,NA,NA,NA,NA,58584.32,NA,2021,"KlutinaTonsinaOutlet",1,160.7660338,0.007659819153,2000,15.319638306
"99","BC-39-2021","BC-39-2021","BC-39-21","BC-L-39","2021-06-18","Middle","Baird Canyon","6/24/21",60.73831,-144.5687,1.752,43.2,NA,2.9,NA,11.5,NA,6.8,28.4,"F",0.138,"1-D6",10,0.626,NA,NA,NA,NA,4.1,NA,NA,1.538,"1-C6","N","Y",5,"Y","Y",0.068,9.1,"7.4",6.5,6.3,2.4,2.6,1.6,2.2,"",NA,"9/27/21",121,"10/1/21",39.2,0.676,0.324,NA,"10/5/21",2,0.3416,955.4635,27.2615,8.831824793,NA,NA,NA,NA,NA,NA,NA,NA,NA,NA,NA,NA,NA,NA,NA,NA,58584.32,NA,2021,"Slana",1,381.3977877,0.008831824793,1752,15.473357037336
"100","BC-40-2021","BC-40-2021","BC-40-21","BC-L-40","2021-06-18","Middle","Baird Canyon","6/24/21",60.73831,-144.5687,1.862,42.9,NA,3.8,NA,11.5,NA,6.8,28.5,"F",0.136,"1-D3",10,0.5761,NA,NA,NA,NA,4.6,NA,NA,1.646,"1-C3","N","Y",5,"Y","Y",0.062,6.9,"7.6",6.6,6.9,1.8,2.3,1.2,1.8,"",NA,"10/4/21",112.2,"10/8/21",35.3,0.6854,0.3146,NA,"10/8/21",2,0.305,955.4635,27.1877,8.553705971,NA,NA,NA,NA,NA,NA,NA,NA,NA,NA,NA,NA,NA,NA,NA,NA,58584.32,NA,2021,"Gulkana",0.94,390.7567857,0.008553705971,1862,15.927000518002
"101","BC-41-2021","BC-41-2021","BC-41-21","BC-L-41","2021-07-08","Late","Baird Canyon","7/24/21",60.73831,-144.5687,2.19,45.2,NA,4.3,NA,13.1,NA,6.9,31.9,"F",0.148,"3-A5",10,0.3738,NA,NA,NA,NA,4,NA,NA,1.966,"2-A5","N","Y",5,"Y","Y",0.078,9.2,"9.1",6.4,8.9,3.7,5.3,3.3,4.8,"",NA,"9/27/21",69,"10/1/21",23.7,0.6565,0.3435,NA,"10/5/21",4,0.2655,923.3249,26.6856,9.165923478,NA,NA,NA,NA,NA,NA,NA,NA,NA,NA,NA,NA,NA,NA,NA,NA,58584.32,NA,2021,"GulkanaHatchery",1,425.7602743,0.009165923478,2190,20.07337241682
"102","BC-42-2021","BC-42-2021","BC-42-21","BC-L-42","2021-07-08","Late","Baird Canyon","7/24/21",60.73831,-144.5687,2.43,49.9,NA,3.8,NA,11.8,NA,6.9,30.2,"F",0.152,"3-B1",10,0.414,NA,NA,NA,NA,4.4,NA,NA,2.206,"2-A9","Y","Y",5,"Y","Y",0.074,9,"8.5",5.1,8.1,2.3,4,1.8,3.5,"",NA,"10/4/21",117.2,"10/8/21",41.1,0.6493,0.3507,NA,"10/8/21",4,0.3305,923.3249,26.7827,9.392226706,NA,NA,NA,NA,NA,NA,NA,NA,NA,NA,NA,NA,NA,NA,NA,NA,58584.32,NA,2021,"Gulkanahatchery",1,425.7602743,0.009392226706,2430,22.82311089558
"103","BC-43-2021","BC-43-2021","BC-43-21","BC-L-43","2021-07-08","Late","Baird Canyon","7/24/21",60.73831,-144.5687,2.164,46.7,NA,4.1,NA,12.2,NA,6.5,30.5,"F",0.112,"3-B2",10,0.1996,NA,NA,NA,NA,3.8,NA,NA,1.966,"2-A10","N","Y",6,"Y","Y",0.052,8,"6.7",6.4,6.6,3.8,5.8,3.9,4.1,"",NA,"9/27/21",83,"10/4/21",28.2,0.6602,0.3398,NA,"10/5/21",2,0.2934,955.4635,26.6235,9.045574699,NA,NA,NA,NA,NA,NA,NA,NA,NA,NA,NA,NA,NA,NA,NA,NA,58584.32,NA,2021,"Gulkanahatchery",1,425.7602743,0.009045574699,2164,19.574623648636
"104","BC-44-2021","BC-44-2021","BC-44-21","BC-L-44","2021-07-08","Late","Baird Canyon","7/23/21",60.73831,-144.5687,2.368,46.1,NA,5.3,NA,12.3,NA,7.1,31,"M",0.042,"2-C6",NA,NA,NA,NA,NA,NA,NA,NA,NA,2.252,"1-F10","Y","Y",6,"Y","Y",0.022,6.3,"6.6",6.1,6.6,1.9,3.5,2.6,3.2,"",NA,"9/27/21",85,"10/1/21",29.5,0.6529,0.3471,NA,"10/5/21",4,0.2868,923.3249,26.7043,9.267962941,NA,NA,NA,NA,NA,NA,NA,NA,NA,NA,NA,NA,NA,NA,NA,NA,58584.32,NA,2021,"Gulkanahatchery",0.96,425.7602743,0.009267962941,2368,21.946536244288
"105","BC-45-2021","BC-45-2021","BC-45-21","BC-L-45","2021-07-08","Late","Baird Canyon","7/24/21",60.73831,-144.5687,1.762,41.4,NA,2.8,NA,11.2,NA,6.8,28.7,"F",0.138,"3-B3",10,0.3523,NA,NA,NA,NA,4.2,NA,NA,1.552,"2-A11","N","Y",5,"Y","Y",0.064,3.4,"3.7",3.1,2.9,2.6,4.1,1.2,1.6,"",NA,"9/27/21",87,"10/1/21",26.8,0.692,0.308,NA,"10/5/21",2,0.3052,955.4635,25.0496,7.716428506,NA,NA,NA,NA,NA,NA,NA,NA,NA,NA,NA,NA,NA,NA,NA,NA,58584.32,NA,2021,"Bremner",0.69,8.38068264,0.007716428506,1762,13.596347027572
"106","BC-46-2021","BC-46-2021","BC-46-21","BC-L-46","2021-07-08","Late","Baird Canyon","7/24/21",60.73831,-144.5687,2.244,47.4,NA,3.5,NA,12.1,NA,6.8,30.7,"F",0.17,"3-B5",10,0.3948,NA,NA,NA,NA,4.25,NA,NA,2.004,"2-B1","N","Y",5,"Y","Y",0.074,3,"2.8",2.6,1.7,0.8,1.2,1.4,0.9,"",NA,"9/27/21",95,"10/1/21",31.2,0.6716,0.3284,NA,"10/5/21",4,0.3209,923.3249,24.7605,8.131869474,NA,NA,NA,NA,NA,NA,NA,NA,NA,NA,NA,NA,NA,NA,NA,NA,58584.32,NA,2021,"Bremner",1,8.38068264,0.008131869474,2244,18.247915099656
"107","BC-47-2021","BC-47-2021","BC-47-21","BC-L-47","2021-07-08","Late","Baird Canyon","7/24/21",60.73831,-144.5687,1.898,44.5,NA,4.9,NA,11.3,NA,6.5,28.2,"M",0.068,"3-B6",NA,NA,NA,NA,NA,NA,NA,NA,NA,1.77,"2-B2","N","Y",6,"Y","Y",0.032,7.3,"5.7",6.7,5.3,4.5,4.7,2.8,3.9,"",NA,"9/27/21",114,"10/1/21",37.7,0.6693,0.3307,NA,"10/5/21",2,0.2791,955.4635,27.1564,8.980669123,NA,NA,NA,NA,NA,NA,NA,NA,NA,NA,NA,NA,NA,NA,NA,NA,58584.32,NA,2021,"Tazlina",0.61,295.6432934,0.008980669123,1898,17.045309995454
"108","BC-48-2021","BC-48-2021","BC-48-21","BC-L-48","2021-07-08","Late","Baird Canyon","7/23/21",60.73831,-144.5687,2.31,47.1,NA,4.7,NA,12.4,NA,7.1,31.7,"M",0.05,"2-C5",NA,NA,NA,NA,NA,NA,NA,NA,NA,2.2,"1-F9","N","Y",6,"Y","Y",0.028,7.4,"8",7.8,8.5,2.8,6.2,3.1,6.1,"",NA,"9/27/21",121,"10/1/21",41.3,0.6587,0.3413,NA,"10/5/21",4,0.3354,923.3249,25.7988,8.805706116,NA,NA,NA,NA,NA,NA,NA,NA,NA,NA,NA,NA,NA,NA,NA,NA,58584.32,NA,2021,"Gulkanahatchery",1,425.7602743,0.008805706116,2310,20.34118112796
"109","BC-49-2021","BC-49-2021","BC-49-21","BC-L-49","2021-07-08","Late","Baird Canyon","7/24/21",60.73831,-144.5687,2.172,46.8,NA,3.1,NA,11.6,NA,6.5,29.6,"F",0.136,"3-B4",10,0.3098,NA,NA,NA,NA,4,NA,NA,1.954,"2-A12","N","Y",5,"Y","Y",0.07,6.5,"7.6",6.2,6.2,4.4,3,1.7,1.9,"",NA,"9/27/21",92,"10/1/21",29.9,0.675,0.325,NA,"10/5/21",2,0.3456,955.4635,25.7946,8.383245,NA,NA,NA,NA,NA,NA,NA,NA,NA,NA,NA,NA,NA,NA,NA,NA,58584.32,NA,2021,"KlutinaTonsinaOutlets",0.99,160.7660338,0.008383245,2172,18.20840814
"110","BC-50-2021","BC-50-2021","BC-50-21","BC-L-50","2021-07-08","Late","Baird Canyon","7/23/21",60.73831,-144.5687,2.45,48.7,NA,4.8,NA,12.2,NA,7.5,30.5,"M",0.036,"2-D5",NA,NA,NA,NA,NA,NA,NA,NA,NA,2.342,"1-G5","Y","Y",5,"Y","Y",0.016,8.4,"8.3",6.7,6.1,2.9,4.2,1.6,2.2,"",NA,"10/5/21",88,"10/8/21",28.4,0.6773,0.3227,NA,"10/8/21",2,0.3522,955.4635,27.0375,8.725738636,NA,NA,NA,NA,NA,NA,NA,NA,NA,NA,NA,NA,NA,NA,NA,NA,58584.32,NA,2021,"Gulkanahatchery",1,425.7602743,0.008725738636,2450,21.3780596582
"111","BC-51-2021","BC-51-2021","BC-51-21","BC-L-51","2021-07-08","Late","Baird Canyon","7/23/21",60.73831,-144.5687,2.544,48,NA,5.5,NA,13,NA,7.4,32.6,"M",0.046,"2-C7",NA,NA,NA,NA,NA,NA,NA,NA,NA,2.394,"1-F11","N","Y",5,"Y","Y",0.022,6.4,"5.5",3.7,5.7,2.2,3.2,2.2,1.8,"",NA,"10/4/21",81.6,"10/7/21",26.8,0.6716,0.3284,NA,"10/8/21",4,0.4261,923.3249,26.5413,8.716995588,NA,NA,NA,NA,NA,NA,NA,NA,NA,NA,NA,NA,NA,NA,NA,NA,58584.32,NA,2021,"TanadaCopperLakes",1,418.9684539,0.008716995588,2544,22.176036775872
"112","BC-52-2021","BC-52-2021","BC-52-21","BC-L-52","2021-07-08","Late","Baird Canyon","7/24/21",60.73831,-144.5687,1.4,39.5,NA,3.1,NA,9.9,NA,6,26.6,"F",0.086,"3-B8",10,0.3831,NA,NA,NA,NA,4.3,NA,NA,1.264,"2-B4","N","Y",5,"Y","Y",0.04,6.1,"6.1",5.8,4.8,2.8,3.4,3.1,3.8,"",NA,"10/4/21",83.4,"10/7/21",29,0.6523,0.3477,NA,"10/8/21",2,0.1921,955.4635,26.7011,9.284555156,NA,NA,NA,NA,NA,NA,NA,NA,NA,NA,NA,NA,NA,NA,NA,NA,58584.32,NA,2021,"Tazlina",1,295.6432934,0.009284555156,1400,12.9983772184
"113","BC-53-2021","BC-53-2021","BC-53-21","BC-L-53","2021-07-08","Late","Baird Canyon","7/23/21",60.73831,-144.5687,2.274,45.6,NA,5,NA,12.5,NA,7.3,31.8,"M",0.048,"2-D2",NA,NA,NA,NA,NA,NA,NA,NA,NA,2.158,"1-G2","N","Y",5,"Y","Y",0.026,2.9,"3.4",1.9,2.5,1.4,1.5,1.1,1.3,"",NA,"10/4/21",87.5,"10/8/21",28,0.68,0.32,NA,"10/8/21",4,0.3117,923.3249,26.1436,8.365952,NA,NA,NA,NA,NA,NA,NA,NA,NA,NA,NA,NA,NA,NA,NA,NA,58584.32,NA,2021,"KlutinaTonsinaOutlets",0.81,160.7660338,0.008365952,2274,19.024174848
"114","BC-54-2021","BC-54-2021","BC-54-21","BC-L-54","2021-07-08","Late","Baird Canyon","7/23/21",60.73831,-144.5687,0.614,30.1,NA,2.7,NA,8.7,NA,4.9,20.5,"M",0.06,"2-C4",NA,NA,NA,NA,NA,NA,NA,NA,NA,0.542,"1-F8","NO READ","Y",5,"Y","Y",0.03,1,"1.8",0.8,1.7,0.7,0.8,0.7,0.9,"",NA,"10/4/21",56.8,"10/7/21",14.7,0.7412,0.2588,NA,"10/8/21",2,0.2764,955.4635,23.9872,6.20795493,NA,NA,NA,NA,NA,NA,NA,NA,NA,NA,NA,NA,NA,NA,NA,NA,58584.32,NA,2021,"Bremner",0.72,8.38068264,0.00620795493,614,3.81168432702
"115","BC-55-2021","BC-55-2021","BC-55-21","BC-L-55","2021-07-08","Late","Baird Canyon","7/23/21",60.73831,-144.5687,2.002,46.1,NA,4.3,NA,11.7,NA,6.4,29.7,"M",0.094,"2-D1",NA,NA,NA,NA,NA,NA,NA,NA,NA,1.84,"1-G1","N","Y",5,"Y","Y",0.046,5.4,"6.7",4.3,4.8,2.1,2.3,1.3,1.8,"",NA,"10/4/21",81.2,"10/8/21",26.2,0.6773,0.3227,NA,"10/8/21",4,0.287,923.3249,26.083,8.41594335,NA,NA,NA,NA,NA,NA,NA,NA,NA,NA,NA,NA,NA,NA,NA,NA,58584.32,NA,2021,"KlutinaTonsinaOutlets",1,160.7660338,0.00841594335,2002,16.8487185867
"116","BC-56-2021","BC-56-2021","BC-56-21","BC-L-56","2021-07-08","Late","Baird Canyon","7/23/21",60.73831,-144.5687,2.65,47.7,NA,6.2,NA,13.2,NA,7.5,32.4,"M",0.082,"2-D4",NA,NA,NA,NA,NA,NA,NA,NA,NA,2.508,"1-G4","N","Y",5,"Y","Y",0.04,1,"1",0.7,0.8,0.6,1.2,0.5,0.7,"",NA,"10/4/21",117.4,"10/8/21",32.7,0.7215,0.2785,NA,"10/8/21",2,0.2593,955.4635,24.6501,6.865913714,NA,NA,NA,NA,NA,NA,NA,NA,NA,NA,NA,NA,NA,NA,NA,NA,58584.32,NA,2021,"Chitina",0.99,100.7487206,0.006865913714,2650,18.1946713421
"117","BC-57-2021","BC-57-2021","BC-57-21","BC-L-57","2021-07-08","Late","Baird Canyon","7/24/21",60.73831,-144.5687,1.14,39,NA,3,NA,9.1,NA,5.8,23.5,"F",0.076,"3-A7",10,0.3482,NA,NA,NA,NA,4,NA,NA,1.024,"2-A7","N","Y",5,"Y","Y",0.044,7.5,"6.7",4.7,6,4.5,6.7,2.6,2.5,"",NA,"10/4/21",79,"10/7/21",24.4,0.6911,0.3089,NA,"10/8/21",4,0.3116,923.3249,26.697,8.245655696,NA,NA,NA,NA,NA,NA,NA,NA,NA,NA,NA,NA,NA,NA,NA,NA,58584.32,NA,2021,"Slana",1,381.3977877,0.008245655696,1140,9.40004749344
"118","BC-58-2021","BC-58-2021","BC-58-21","BC-L-58","2021-07-08","Late","Baird Canyon","7/23/21",60.73831,-144.5687,2.364,48,NA,4.5,NA,12.8,NA,7,31.5,"M",0.056,"2-C8",NA,NA,NA,NA,NA,NA,NA,NA,NA,2.24,"1-F12","N","Y",5,"Y","Y",0.03,4.7,"4.8",4,4.3,1,1.8,0.8,1.2,"",NA,"10/4/21",83.9,"10/7/21",25,0.702,0.298,NA,"10/8/21",2,0.2917,955.4635,26.3691,7.857300358,NA,NA,NA,NA,NA,NA,NA,NA,NA,NA,NA,NA,NA,NA,NA,NA,58584.32,NA,2021,"KlutinaLake",0.99,174.5126368,0.007857300358,2364,18.574658046312
"119","BC-59-2021","BC-59-2021","BC-59-21","BC-L-59","2021-07-08","Late","Baird Canyon","7/24/21",60.73831,-144.5687,1.548,42.8,NA,3,NA,10,NA,6.6,26.4,"F",0.11,"3-B7",10,0.4809,NA,NA,NA,NA,5.05,NA,NA,1.388,"2-B3","N","Y",5,"Y","Y",0.048,7.3,"6.3",6.3,5.4,3,4.6,2.9,4.1,"",NA,"10/4/21",97.1,"10/8/21",33.1,0.6591,0.3409,NA,"10/8/21",4,0.4367,923.3249,26.5385,9.046594748,NA,NA,NA,NA,NA,NA,NA,NA,NA,NA,NA,NA,NA,NA,NA,NA,58584.32,NA,2021,"Tazlina",0.77,295.6432934,0.009046594748,1548,14.004128669904
"120","BC-60-2021","BC-60-2021","BC-60-21","BC-L-60","2021-07-08","Late","Baird Canyon","7/23/21",60.73831,-144.5687,2.85,49.4,NA,6.5,NA,13.2,NA,7.7,33.5,"M",0.076,"2-D3",NA,NA,NA,NA,NA,NA,NA,NA,NA,2.704,"1-G3","N","Y",5,"Y","Y",0.036,0.7,"0.6",0.6,0.6,0.6,0.6,0.6,0.6,"",NA,"10/4/21",80.5,"10/7/21",22,0.7267,0.2733,NA,"10/8/21",2,0.279,955.4635,23.1759,6.333786335,NA,NA,NA,NA,NA,NA,NA,NA,NA,NA,NA,NA,NA,NA,NA,NA,58584.32,NA,2021,"Bremner",0.96,8.38068264,0.006333786335,2850,18.05129105475
