"Fish_ID_Revised","Fish_ID","GillClip_ID_Revised","GillClip_ID","Collection_Date","Processing_Date","Col_Location_Lat","Col_Location_Long","site","Fish_Wt","Fish_Leng_1","Fish_Leng_1_tape","Fish_Leng_2","Fish_Leng_2_tape","Fish_Ht","Fish_Ht_tape","Fish_Wdth","Fish_Grth","Sex","Gonad_Wt","DWP.","Fem_Fecun_1_num","Fem_Fecun_1_wt","Fem_Fecun_2_num","Fem_Fecun_2_wt","Fem_Fecun_3_num","Fem_Fecun_3_wt","Fem_Egg_Sz_1","Fem_Egg_Sz_2","Fem_Egg_Sz_3","Carcass.guts_Wt","Oto_Well_ID","Strontium_marked_Y.N","Scales_Y.N","Scales_num","Fish_Ground_Y.N","Gonad_Saved_Y.N","Gonad_Saved_wt","Fat_Meter_1._L","Fat_Meter_1._R","Fat_Meter_2._L","Fat_Meter_2._R","Fat_Meter_3._L","Fat_Meter_3._R","Fat_Meter_4._L","Fat_Meter_4._R","Dissect_Comments","Date_LabDryStart","Fish.BagWt_g","Date_LabDryFinal","DryFish.BagWt_g","Pwater","Pdry","Dry_Comments","Date_BCProcess","Bomb_ID_1","Bomb_PelletWt_g_1","EE_Value_1","EnergyDensity_mJ.kg_1","EnergyPDry_2","Bomb_ID_2","Bomb_PelletWt_g_2","EE_value_2","EnergyDensity_mJ.kg_2","EnergyPDry_2.1","Bomb_ID_3","Bomb_PelletWt_g_3","EE_value_3","EnergyDensity_mJ.kg_3","EnergyPDry_3","Bomb_ID_4","Bomb_PelletWt_g_4","EE_value_4","EnergyDensity_mJ.kg_4","EnergyPDry_4","BC_comments"
"BC-1-2020","BC-20-1","BC-1-20","BC-20-1","6/1/2020","7/8/2020",60.73831,-144.5687,"BC",1.608,40.3,NA,3.8,NA,11.3,NA,6.2,29.1,"F","0.086","1-C2",10,0.4423,10,0.2676,NA,NA,4,3.8,NA,1.364,"1-B6 ","N","Y","7","Y","Y",0.044,12.1,"8.3",11.6,11.9,8.6,12.4,3.6,5.5,"","10/6/2020",55.5,"10/11/2020",22.2,0.6,0.4,NA,"10/24/2020",4,0.6198,923.3249,27.0087,10.80348,4,0.4556,923.3249,26.2067,10.48268,NA,NA,NA,NA,NA,NA,NA,NA,NA,NA,""
"BC-2-2020","BC-20-2","BC-2-20","BC-20-2","6/1/2020","7/8/2020",60.73831,-144.5687,"BC",1.356,37.8,NA,3.9,NA,10.8,NA,5.3,27.8,"M","0.064","1-C1",NA,NA,NA,NA,NA,NA,NA,NA,NA,1.164,"1-B5","N","Y","6","Y","Y",0.034,7.5,"8.7",6.2,8.4,9.7,3.9,3.1,1.8,"","10/6/2020",50.6,"10/11/2020",18.8,0.6285,0.3715,NA,"10/24/2020",4,0.4134,923.3249,25.3342,9.412706719,4,0.3589,923.3249,24.9944,9.286456917,NA,NA,NA,NA,NA,NA,NA,NA,NA,NA,""
"BC-3-2020","BC-20-3","BC-3-20","BC-20-3","6/1/2020","7/7/2020",60.73831,-144.5687,"BC",1.888,43.5,NA,4.8,NA,11.3,NA,6.4,29.5,"M","0.054","1-A7",NA,NA,NA,NA,NA,NA,NA,NA,NA,1.662,"1-A7 (1 oto)","N","Y","7","Y","Y",0.026,10,"9.5",8.8,9.1,6.1,6.2,1.8,2,"","10/6/2020",42.3,"10/11/2020",16.5,0.6099,0.3901,NA,"10/24/2020",4,0.3834,923.3249,27.1322,10.58348227,NA,NA,NA,NA,NA,NA,NA,NA,NA,NA,NA,NA,NA,NA,NA,""
"BC-4-2020","BC-20-4","BC-4-20","BC-20-4","6/1/2020","7/8/2020",60.73831,-144.5687,"BC",2.142,44.4,NA,3.8,NA,12.8,NA,6.2,NA,"F","0.184","1-B4",10,0.5983,10,0.5543,10,0.6202,4.9,4.9,5,1.738,"1-A12","N","Y","7","Y","Y",0.102,10.3,"8.0",8.7,9.7,8.2,6.1,2.6,1.9,"","10/6/2020",58.1,"10/11/2020",20.2,0.6523,0.3477,NA,"10/24/2020",4,0.4073,923.3249,25.8517,8.988026506,NA,NA,NA,NA,NA,NA,NA,NA,NA,NA,NA,NA,NA,NA,NA,""
"BC-5-2020","BC-20-5","BC-5-20","BC-20-5","6/1/2020","7/8/2020",60.73831,-144.5687,"BC",2.942,48.1,NA,5.7,NA,14.6,NA,6.8,36.5,"M","0.106","1-B7",NA,NA,NA,NA,NA,NA,NA,NA,NA,2.56,"1-B3","N","Y","7","Y","Y",0.05,6.4,"7.6",9.5,8.5,8.4,7.5,2.6,2.3,"","10/6/2020",62.9,"10/11/2020",23.1,0.6328,0.3672,NA,"10/24/2020",4,0.5602,923.3249,26.2651,9.645847536,NA,NA,NA,NA,NA,NA,NA,NA,NA,NA,NA,NA,NA,NA,NA,""
"BC-6-2020","BC-20-6","BC-6-20","BC-20-6","6/1/2020","7/8/2020",60.73831,-144.5687,"BC",2.12,43.7,NA,4.1,NA,12.6,NA,6.3,31.6,"F","0.140","1-B8",NA,NA,NA,NA,NA,NA,6,NA,NA,1.796,"1-B4","N","Y","6","Y","Y",0.066,8.4,"9.3",13.5,8.2,12.9,7.8,3.9,3.2,"","10/6/2020",57.6,"10/11/2020",22.4,0.6111,0.3889,NA,"10/24/2020",4,0.5232,923.3249,26.2745,10.21786111,NA,NA,NA,NA,NA,NA,NA,NA,NA,NA,NA,NA,NA,NA,NA,""
"BC-7-2020","BC-20-7","BC-7-20","BC-20-7","6/1/2020","7/8/2020",60.73831,-144.5687,"BC",1.418,39.9,NA,3.8,NA,10.7,NA,5,28.1,"F","0.108","1-B3",NA,NA,NA,NA,NA,NA,5.5,NA,NA,1.178,"1-A11","N","Y","7","Y","Y",0.05,8,"12.5",8.4,10.5,5.9,8.7,1.9,1.4,"Eggs gooshy","10/6/2020",65.3,"10/11/2020",25.1,0.6156,0.3844,NA,"10/24/2020",4,0.4224,923.3249,27.3985,10.53142956,NA,NA,NA,NA,NA,NA,NA,NA,NA,NA,NA,NA,NA,NA,NA,""
"BC-8-2020","BC-20-8","BC-8-20","BC-20-8","6/1/2020","7/8/2020",60.73831,-144.5687,"BC",1.61,39.9,NA,3.6,NA,11.7,NA,5.6,30,"F","0.180","1-B5",10,NA,NA,NA,NA,NA,5,NA,NA,1.272,"1-B1","NO READ","Y","7","Y","Y",0.104,6.4,"5.1",2.8,2.4,1.4,4.2,0.8,1.3,"Caliper reading 1 egg 6.4 mm","10/6/2020",66.4,"10/11/2020",21.7,0.6732,0.3268,NA,"10/24/2020",4,0.4588,923.3249,25.1628,8.22338494,NA,NA,NA,NA,NA,NA,NA,NA,NA,NA,NA,NA,NA,NA,NA,""
"BC-9-2020","BC-20-9","BC-9-20","BC-20-9","6/1/2020","7/8/2020",60.73831,-144.5687,"BC",2.462,47.8,NA,4.6,NA,13.3,NA,6.4,33,"M","0.070","1-B6",NA,NA,NA,NA,NA,NA,NA,NA,NA,2.166,"1-B2","N","Y","6","Y","Y",0.034,6,"6.0",4.8,7.7,3.2,3.1,1.4,2.6,"","10/6/2020",60.4,"10/11/2020",21.2,0.649,0.351,NA,"10/24/2020",4,0.2702,923.3249,24.6192,8.641176159,NA,NA,NA,NA,NA,NA,NA,NA,NA,NA,NA,NA,NA,NA,NA,""
"BC-10-2020","BC-20-10","BC-10-20","BC-20-10","6/1/2020","7/8/2020",60.73831,-144.5687,"BC",1.798,42.6,NA,3.7,NA,12.5,NA,6,30.4,"F","0.138","1-C4",NA,NA,NA,NA,NA,NA,5.1,NA,NA,1.49,"1-B8","N","Y","5","Y","Y",0.058,5.2,"5.1",4.1,4.9,2.4,3.3,2.6,1.1,"","10/6/2020",50.6,"10/11/2020",17.6,0.6522,0.3478,NA,"10/24/2020",4,0.3856,923.3249,24.5659,8.54466087,NA,NA,NA,NA,NA,NA,NA,NA,NA,NA,NA,NA,NA,NA,NA,""
"BC-11-2020","BC-20-11","BC-11-20","BC-20-11","6/2/2020","7/7/2020",60.73831,-144.5687,"BC",1.808,41.7,NA,3.9,NA,11.6,NA,6.3,29.7,"F","0.140","1-B2",10,0.385,10,0.4834,10,0.4833,5.5,4.9,5,NA,"1-A10","N","Y","7","Y","Y",0.078,16.2,"10.2",16.6,14.3,9.7,9.9,2.6,2.2,"","10/17/2020",47.3,"10/30/2020",18.5,0.6089,0.3911,NA,"11/5/2020",4,0.294,923.3249,27.8273,10.8838277,NA,NA,NA,NA,NA,NA,NA,NA,NA,NA,NA,NA,NA,NA,NA,""
"BC-12-2020","BC-20-12","BC-12-20","BC-20-12","6/2/2020","7/7/2020",60.73831,-144.5687,"BC",2.348,45.3,NA,5.3,NA,12.8,NA,7.5,32.5,"M","0.072","1-A5",NA,NA,NA,NA,NA,NA,NA,NA,NA,2.046,"1-A5","N","Y","5","Y","Y",0.028,8.3,"6.4",8.3,9.3,5.5,7.4,2.4,3.3,"","10/17/2020",58.1,"10/30/2020",20.3,0.6506,0.3494,NA,"11/5/2020",2,0.4329,923.1981,26.7697,9.353268675,NA,NA,NA,NA,NA,NA,NA,NA,NA,NA,NA,NA,NA,NA,NA,""
"BC-13-2020","BC-20-13","BC-13-20","BC-20-13","6/2/2020","7/7/2020",60.73831,-144.5687,"BC",2.798,47.6,NA,5.4,NA,14.7,NA,7.6,36,"M","0.082","1-A2",NA,NA,NA,NA,NA,NA,NA,NA,NA,2.546,"1-A2","N","Y","5","Y","Y",0.044,7.4,"5.2",7.4,5.2,6.3,3.9,1.8,1.5,"heart gills not removed for carcass minus guts weight","10/17/2020",62.5,"10/30/2020",22.5,0.64,0.36,NA,"11/5/2020",4,0.3318,923.3249,26.7268,9.621648,NA,NA,NA,NA,NA,NA,NA,NA,NA,NA,NA,NA,NA,NA,NA,""
"BC-14-2020","BC-20-14","BC-14-20","BC-20-14","6/2/2020","7/7/2020",60.73831,-144.5687,"BC",3.046,48.4,NA,5.7,NA,14.9,NA,7.8,37,"M","0.112","1-B1",NA,NA,NA,NA,NA,NA,NA,NA,NA,2.658,"1-A9","N","Y","5","Y","Y",0.052,7.6,"7.2",6.7,6.5,6,4.7,1.9,2.3,"","10/17/2020",54.1,"10/30/2020",19.6,0.6377,0.3623,NA,"11/5/2020",2,0.3202,923.1981,27.6168,10.00534713,NA,NA,NA,NA,NA,NA,NA,NA,NA,NA,NA,NA,NA,NA,NA,""
"BC-15-2020","BC-20-15","BC-15-20","BC-20-15","6/2/2020","7/7/2020",60.73831,-144.5687,"BC",3.002,49.8,NA,6.1,NA,14.6,NA,7.3,35.5,"M","0.076","1-A6",NA,NA,NA,NA,NA,NA,NA,NA,NA,2.632,"1-A6","N","Y","5","Y","Y",0.034,4,"6.0",3.8,4.2,2.8,3.9,1.6,4.9,"","10/17/2020",62.3,"10/30/2020",21.7,0.6517,0.3483,NA,"11/5/2020",4,0.2681,923.3249,26.3438,9.175930337,4,0.2829,923.1981,26.6939,9.297875281,NA,NA,NA,NA,NA,NA,NA,NA,NA,NA,""
"BC-16-2020","BC-20-16","BC-16-20","BC-20-16","6/2/2020","7/7/2020",60.73831,-144.5687,"BC",2.258,46.7,NA,5.2,NA,13,NA,7,31.1,"M","0.102","1-A3",NA,NA,NA,NA,NA,NA,NA,NA,NA,1.97,"1-A3","N","Y","5","Y","Y",0.052,6.8,"6.5",6.5,6.5,6.4,6.6,2.4,3.2,"","10/17/2020",52.8,"10/30/2020",18.9,0.642,0.358,NA,"11/10/2020",4,0.2377,923.3249,26.2758,9.405542045,NA,NA,NA,NA,NA,NA,NA,NA,NA,NA,NA,NA,NA,NA,NA,""
"BC-17-2020","BC-20-17","BC-17-20","BC-20-17","6/2/2020","7/7/2020",60.73831,-144.5687,"BC",1.946,41.7,NA,4.6,NA,12.8,NA,7.1,31.5,"M","0.066","1-A4",NA,NA,NA,NA,NA,NA,NA,NA,NA,1.72,"1-A4","N","Y","5","Y","Y",0.034,5.2,"5.9",4.5,6.3,3.3,4,1.1,1.2,"","10/17/2020",41.4,"10/30/2020",15.2,0.6329,0.3671,NA,"11/10/2020",2,0.3361,922.6597,24.7758,9.096428986,NA,NA,NA,NA,NA,NA,NA,NA,NA,NA,NA,NA,NA,NA,NA,""
"BC-18-2020","BC-20-18","BC-18-20","BC-20-18","6/2/2020","7/7/2020",60.73831,-144.5687,"BC",1.328,40.9,NA,3.1,NA,10.6,NA,6.4,26,"F","0.130","1-A1",10,0.4627,10,2.8037,10,0.2786,4.8,4.5,4.6,1.064,"1-A1","N","Y","5","Y","Y",0.05,9.7,"9.3",6.1,7.2,3.1,4.2,1.2,2.7,"","10/17/2020",45.2,"10/30/2020",15.7,0.6527,0.3473,NA,"11/10/2020",4,0.2389,923.3249,25.9962,9.02965354,NA,NA,NA,NA,NA,NA,NA,NA,NA,NA,NA,NA,NA,NA,NA,""
"BC-19-2020","BC-20-19","BC-19-20","BC-20-19","6/2/2020","7/7/2020",60.73831,-144.5687,"BC",1.988,44,NA,3.7,NA,12.4,NA,6,30.9,"F","0.120","1-A8",1,NA,NA,NA,NA,NA,4.7,NA,NA,1.682,"1-A8","N","Y","5","Y","Y",0.06,16.2,"12.7",11.8,10.8,7.9,6,3.6,2.5,"","10/17/2020",57.2,"10/30/2020",20.6,0.6399,0.3601,NA,"11/10/2020",2,0.3533,922.6597,26.7499,9.633705245,NA,NA,NA,NA,NA,NA,NA,NA,NA,NA,NA,NA,NA,NA,NA,""
"BC-20-2020","BC-20-20","BC-20-20","BC-20-20","6/2/2020","7/8/2020",60.73831,-144.5687,"BC",1.942,43.3,NA,3.7,NA,12.5,NA,6,31.4,"F","0.114","1-C3",1,NA,NA,NA,NA,NA,5,NA,NA,1.662,"1-B7","N","Y","5","Y","Y",0.066,12.6,"12.8",11,9.7,6.2,6,1.8,1.6,"","10/17/2020",53.5,"10/30/2020",19.4,0.6374,0.3626,NA,"11/10/2020",4,0.3924,923.3249,25.2556,9.158105421,NA,NA,NA,NA,NA,NA,NA,NA,NA,NA,NA,NA,NA,NA,NA,""
"BC-21-2020","BC-20-21","BC-21-20","BC-20-21","6/30/2020","7/9/2020",60.73831,-144.5687,"BC",0.936,34.8,NA,3.1,NA,9.1,NA,4.2,23.3,"M","0.044","1-C6",NA,NA,NA,NA,NA,NA,NA,NA,NA,0.81,"1-B10","N","Y","7","Y","Y",0.022,5.8,"7.7",4.5,5.4,1.6,3.8,1.3,2.1,"","10/30/2020",57.6,"11/3/2020",19.3,0.6649,0.3351,NA,"11/14/2020",2,0.4097,955.4635,25.4462,8.526244097,NA,NA,NA,NA,NA,NA,NA,NA,NA,NA,NA,NA,NA,NA,NA,""
"BC-22-2020","BC-20-22","BC-22-20","BC-20-22","6/30/2020","7/10/2020",60.73831,-144.5687,"BC",1.986,44.8,NA,3.6,NA,12.2,NA,5.6,30.1,"F","0.088","1-E1",10,0.1738,10,0.277,10,0.2523,3.2,3.3,3.1,1.728,"1-C9","Y","Y","9","Y","Y",0.036,9.7,"12.1",11.5,11.4,5.6,6.8,3.5,4.5,"","10/30/2020",53.9,"11/3/2020",20.7,0.616,0.384,NA,"11/14/2020",4,0.4889,923.3249,26.1697,10.05033006,NA,NA,NA,NA,NA,NA,NA,NA,NA,NA,NA,NA,NA,NA,NA,""
"BC-23-2020","BC-20-23","BC-23-20","BC-20-23","6/30/2020","7/9/2020",60.73831,-144.5687,"BC",2.186,44.2,NA,4.6,NA,13.2,NA,6.5,31.8,"M","0.040","1-C5",NA,NA,NA,NA,NA,NA,NA,NA,NA,1.952,"1-B9","Y","Y","5","Y","Y",0.016,11.2,"9.0",13.5,12,8.4,9.5,5.2,3.2,"","10/30/2020",55.9,"11/3/2020",21.8,0.61,0.39,NA,"11/14/2020",2,0.3915,955.4635,27.9354,10.89430626,NA,NA,NA,NA,NA,NA,NA,NA,NA,NA,NA,NA,NA,NA,NA,""
"BC-24-2020","BC-20-24","BC-24-20","BC-20-24","6/30/2020","7/10/2020",60.73831,-144.5687,"BC",2.442,46.1,NA,6.2,NA,12.7,NA,6,31.8,"M","0.078","1-E4",NA,NA,NA,NA,NA,NA,NA,NA,NA,2.176,"1-C12","N","Y","7","Y","Y",0.04,5.6,"4.4",2.4,2.9,1.5,2.4,1.5,2.4,"","10/30/2020",67.5,"11/3/2020",23.9,0.6459,0.3541,NA,"11/14/2020",4,0.4212,923.3249,26.2508,9.294727704,NA,NA,NA,NA,NA,NA,NA,NA,NA,NA,NA,NA,NA,NA,NA,""
"BC-25-2020","BC-20-25","BC-25-20","BC-20-25","6/30/2020","7/10/2020",60.73831,-144.5687,"BC",1.536,40.8,NA,3.9,NA,11.1,NA,4.9,28,"M","0.050","1-E2",NA,NA,NA,NA,NA,NA,NA,NA,NA,1.388,"1-C10","N","Y","6","Y","Y",0.024,6,"7.2",6.1,6,3.1,2.8,1.3,1.4,"","10/30/2020",48.5,"11/3/2020",17.8,0.633,0.367,NA,"11/14/2020",2,0.3297,955.4635,26.6447,9.778879588,NA,NA,NA,NA,NA,NA,NA,NA,NA,NA,NA,NA,NA,NA,NA,""
"BC-26-2020","BC-20-26","BC-26-20","BC-20-26","6/30/2020","7/9/2020",60.73831,-144.5687,"BC",2.628,48.8,NA,5.8,NA,13.7,NA,6.5,33.8,"M","0.064","1-C8",NA,NA,NA,NA,NA,NA,NA,NA,NA,2.352,"1-B12","N","Y","6","Y","Y",0.032,4.7,"5.1",3.7,3.1,2.6,2.2,1.2,1.1,"","10/30/2020",60.3,"11/3/2020",21.4,0.6451,0.3549,NA,"11/14/2020",4,0.2935,923.3249,27.1363,9.63046136,NA,NA,NA,NA,NA,NA,NA,NA,NA,NA,NA,NA,NA,NA,NA,""
"BC-27-2020","BC-20-27","BC-27-20","BC-20-27","6/30/2020","7/9/2020",60.73831,-144.5687,"BC",0.5,27.7,NA,2.1,NA,7.7,NA,3.5,19.3,"M","0.028","1-D4",NA,NA,NA,NA,NA,NA,NA,NA,NA,NA,"1-C4","N","Y","8","Y","Y",0.014,8.3,"7.0",6.6,6.2,6.8,4.3,5.3,1.6,"","10/30/2020",40.5,"11/3/2020",15,0.6296,0.3704,NA,"11/14/2020",2,0.2776,955.4635,25.9807,9.622481481,NA,NA,NA,NA,NA,NA,NA,NA,NA,NA,NA,NA,NA,NA,NA,""
"BC-28-2020","BC-20-28","BC-28-20","BC-20-28","6/30/2020","7/10/2020",60.73831,-144.5687,"BC",1.566,41.6,NA,3.1,NA,11.1,NA,5.7,28,"F","0.110","1-E6",10,0.2474,10,0.3454,10,0.2944,3.5,3.4,3.8,1.34,"1-D2","N","Y","10","Y","Y",0.05,9.2,"11.3",6.9,6.3,4.7,2.5,3.4,1.5,"","10/30/2020",44.7,"11/3/2020",16.8,0.6242,0.3758,NA,"11/14/2020",4,0.3338,923.3249,26.5014,9.960257718,NA,NA,NA,NA,NA,NA,NA,NA,NA,NA,NA,NA,NA,NA,NA,""
"BC-29-2020","BC-20-29","BC-29-20","BC-20-29","6/30/2020","7/10/2020",60.73831,-144.5687,"BC",2.25,47.3,NA,3.8,NA,12,NA,6.2,31.2,"F","0.150","1-E8",10,0.2936,10,0.3864,10,0.36,3.9,4.2,4,1.932,"1-D4","N","Y","7","Y","Y",0.084,6.5,"6.9",5.4,5.4,5.7,9.7,3.2,1.5,"Worms on guts","10/30/2020",52,"11/3/2020",18.6,0.6423,0.3577,NA,"11/14/2020",2,0.3333,955.4635,27.7734,9.934331538,NA,NA,NA,NA,NA,NA,NA,NA,NA,NA,NA,NA,NA,NA,NA,""
"BC-30-2020","BC-20-30","BC-30-20","BC-20-30","6/30/2020","7/10/1930",60.73831,-144.5687,"BC",1.824,43.9,NA,3.8,NA,11.6,NA,5.4,29,"F","0.152","1-E3",10,0.4419,10,0.4323,10,0.3794,4.2,4.2,4.3,1.562,"1-C11","N","Y","6","Y","Y",0.082,5.9,"5.8",7.9,8.5,5.9,5.4,3.3,2.2,"","10/30/2020",45.4,"11/3/2020",17.9,0.6057,0.3943,NA,"11/14/2020",4,0.3808,923.3249,27.2128,10.72927577,NA,NA,NA,NA,NA,NA,NA,NA,NA,NA,NA,NA,NA,NA,NA,""
"BC-31-2020","BC-20-31","BC-31-20","BC-20-31","7/1/2020","7/10/2020",60.73831,-144.5687,"BC",1.27,36.6,NA,3.8,NA,10.8,NA,5,27.1,"M","0.070","1-D7",NA,NA,NA,NA,NA,NA,NA,NA,NA,1.086,"1-C7","N","Y","7","Y","Y",0.034,6.1,"6.5",7.9,5.1,5.6,2.4,0.9,3.1,"","11/5/2020",57.2,"11/10/2020",20.5,0.6416,0.3584,NA,"11/15/2020",2,0.2638,955.4635,25.656,9.194895105,NA,NA,NA,NA,NA,NA,NA,NA,NA,NA,NA,NA,NA,NA,NA,""
"BC-32-2020","BC-20-32","BC-32-20","BC-20-32","7/1/2020","7/9/2020",60.73831,-144.5687,"BC",2.31,44.8,NA,4.1,NA,12.8,NA,6.2,32.7,"F","0.236","1-C7",10,0.7544,10,0.5627,10,0.4766,4.5,4.4,4.4,1.88,"1-B11","N","Y","7","Y","Y",0.108,5.5,"5.5.",5.7,3.3,3.2,5.1,1.6,2.1,"","11/5/2020",56.1,"11/10/2020",19.9,0.6453,0.3547,NA,"11/15/2020",4,0.2715,923.3249,25.9703,9.212281105,NA,NA,NA,NA,NA,NA,NA,NA,NA,NA,NA,NA,NA,NA,NA,""
"BC-33-2020","BC-20-33","BC-33-20","BC-20-33","7/1/2020","7/9/2020",60.73831,-144.5687,"BC",1.834,43,NA,3.5,NA,11.5,NA,6.1,29,"F","0.158","1-D5",NA,NA,NA,NA,NA,NA,5.2,NA,NA,1.518,"1-C5","N","Y","10","Y","Y",0.078,6.7,"3.4",6.9,6.1,4.4,5.4,2.1,3.2,"gooshy eggs","11/5/2020",61.2,"11/10/2020",21.9,0.6422,0.3578,NA,"11/15/2020",2,0.264,955.4635,26.8669,9.614135784,NA,NA,NA,NA,NA,NA,NA,NA,NA,NA,NA,NA,NA,NA,NA,""
"BC-34-2020","BC-20-34","BC-34-20","BC-20-34","7/1/2020","7/10/2020",60.73831,-144.5687,"BC",1.832,43.3,NA,4,NA,11.3,NA,5.4,30.4,"F","0.142","1-D8",NA,NA,NA,NA,NA,NA,5.1,NA,NA,1.536,"1-C8","N","Y","7","Y","Y",0.074,7.6,"5.9",3.2,4.2,2.3,2.9,1.8,1.3,"Wormy guts - pete took photo, gooshy eggs","11/5/2020",56.8,"11/10/2020",20.5,0.6391,0.3609,NA,"11/15/2020",4,0.3874,923.3249,26.7063,9.63871743,NA,NA,NA,NA,NA,NA,NA,NA,NA,NA,NA,NA,NA,NA,NA,""
"BC-35-2020","BC-20-35","BC-35-20","BC-20-35","7/1/2020","7/9/2020",60.73831,-144.5687,"BC",2.048,46.2,NA,4,NA,11.4,NA,5.9,29.1,"F","0.098","1-D6",NA,NA,NA,NA,NA,NA,4.2,NA,NA,1.78,"1-C6","N","Y","6","Y","Y",0.042,7.7,"6.2",5.7,5.6,3.8,4.2,1.9,3,"","11/5/2020",56.3,"11/10/2020",20.4,0.6377,0.3623,NA,"11/15/2020",2,0.3912,955.4635,26.5213,9.609849378,4,0.4298,923.3249,25.8724,9.374723979,NA,NA,NA,NA,NA,NA,NA,NA,NA,NA,""
"BC-36-2020","BC-20-36","BC-36-20","BC-20-36","7/1/2020","7/9/2020",60.73831,-144.5687,"BC",1.548,40.1,NA,3.7,NA,11.2,NA,5.1,28.4,"F","0.124","1-D3",10,0.4618,10,0.3906,10,0.4142,3.9,4.2,4,NA,"1-C3","N","Y","5","Y","Y",0.064,7.9,"10.6",6.8,6.9,4,4.9,1.1,3.1,"","11/5/2020",56.1,"11/10/2020",20.3,0.6381,0.3619,NA,"11/15/2020",2,0.4738,955.4635,28.467,10.30089305,NA,NA,NA,NA,NA,NA,NA,NA,NA,NA,NA,NA,NA,NA,NA,""
"BC-37-2020","BC-20-37","BC-37-20","BC-20-37","7/1/2020","7/9/2020",60.73831,-144.5687,"BC",2.684,47.3,NA,6.2,NA,13.3,NA,6.3,33,"M","0.084","1-D2",NA,NA,NA,NA,NA,NA,NA,NA,NA,2.392,"1-C2","N","Y","9","Y","Y",0.04,2.8,"3.1",2.4,3.1,1.8,1.5,1,1,"","11/5/2020",57.3,"11/10/2020",22.2,0.6126,0.3874,NA,"11/15/2020",4,0.4203,923.3249,23.9636,9.284326702,NA,NA,NA,NA,NA,NA,NA,NA,NA,NA,NA,NA,NA,NA,NA,""
"BC-38-2020","BC-20-38","BC-38-20","BC-20-38","7/1/2020","7/9/2020",60.73831,-144.5687,"BC",2.402,46.6,NA,5.5,NA,13.6,NA,6.8,32.9,"M","0.028","1-D1",NA,NA,NA,NA,NA,NA,NA,NA,NA,2.184,"1-C1","Y","Y","8","Y","Y",0.016,10.5,"8.7",7.9,8.6,5.5,8.1,4.5,4,"","11/5/2020",72.1,"11/10/2020",27.8,0.6144,0.3856,NA,"11/15/2020",2,0.4367,955.4635,28.3494,10.93083662,NA,NA,NA,NA,NA,NA,NA,NA,NA,NA,NA,NA,NA,NA,NA,""
"BC-39-2020","BC-20-39","BC-39-20","BC-20-39","7/1/2020","7/10/2020",60.73831,-144.5687,"BC",1.786,42.2,NA,3.9,NA,11.5,NA,5.3,29.8,"F","0.078","1-E7",10,0.1876,10,0.1959,10,0.1616,3.6,3.4,3.4,1.58,"1-D3","N","Y","5","Y","Y",0.034,7.7,"8.9",8.6,6.4,6.5,5.2,3,3.5,"","11/5/2020",69.2,"11/10/2020",26.4,0.6185,0.3815,NA,"11/15/2020",4,0.4372,923.3249,27.5083,10.49449595,NA,NA,NA,NA,NA,NA,NA,NA,NA,NA,NA,NA,NA,NA,NA,""
"BC-40-2020","BC-20-40","BC-40-20","BC-20-40","7/1/2020","7/10/2020",60.73831,-144.5687,"BC",2.686,45.6,NA,5.8,NA,13.4,NA,6,33.7,"M","0.026","1-E5",NA,NA,NA,NA,NA,NA,NA,NA,NA,2.442,"1-D1","Y","Y","10","Y","Y",0.012,10.7,"8.9",11,9.3,6.5,5.5,3,2,"","11/5/2020",66.9,"11/10/2020",25.1,0.6248,0.3752,NA,"11/15/2020",2,0.4854,955.4635,29.8175,11.18713378,NA,NA,NA,NA,NA,NA,NA,NA,NA,NA,NA,NA,NA,NA,NA,""
"CA-1-2020","CA-20-41","CA-1-20","CA-20-41","8/5/2020","9/23/2020",61.586499,-144.427586,"CA",1.492,41.8,NA,4.8,NA,9.9,NA,5.1,25.4,"M","0.018","2-B6",NA,NA,NA,NA,NA,NA,NA,NA,NA,1.366,"2-B2","Y","Y","6","Y","Y",0.01,3.9,"3.3",3.2,2.4,1.6,1.2,0.8,0.8,"","11/14/2020",121.1,"11/19/2020",35.2,0.7093,0.2907,NA,"11/23/2020",2,0.4236,955.4635,25.2043,7.326105367,NA,NA,NA,NA,NA,NA,NA,NA,NA,NA,NA,NA,NA,NA,NA,""
"CA-2-2020","CA-20-42","CA-2-20","CA-20-42","8/6/2020","9/23/2020",61.586499,-144.427586,"CA",2.206,45.3,NA,6.3,NA,11.8,NA,5.6,29.2,"M","0.064","2-A7 ",NA,NA,NA,NA,NA,NA,NA,NA,NA,1.994,"2-A7","N","Y","5","Y","Y",0.03,1.1,"0.8",0.8,0.8,1.3,0.8,1.6,0.7,"","11/14/2020",115.1,"11/19/2020",31.3,0.7281,0.2719,NA,"11/23/2020",4,0.3961,923.3249,23.4554,6.378401564,NA,NA,NA,NA,NA,NA,NA,NA,NA,NA,NA,NA,NA,NA,NA,""
"CA-3-2020","CA-20-43","CA-3-20","CA-20-43","8/6/2020","9/28/2020",61.586499,-144.427586,"CA",2.29,46.7,NA,3.9,NA,12,NA,5.8,30.8,"F","0.266","Fin Well ID 3(2)",NA,NA,NA,NA,NA,NA,5.1,NA,NA,1.93,"2-E3","N","Y","5","Y","Y",0.116,0.7,"0.7",0.7,0.8,0.8,0.8,0.8,0.7,"","11/14/2020",175,"11/19/2020",47.7,0.7274,0.2726,NA,"11/24/2020",2,0.394,955.4635,23.7983,6.486736629,NA,NA,NA,NA,NA,NA,NA,NA,NA,NA,NA,NA,NA,NA,NA,""
"CA-4-2020","CA-20-44","CA-4-20","CA-20-44","8/6/2020","9/28/2020",61.586499,-144.427586,"CA",1.492,41.4,NA,3.5,NA,10,NA,5,26,"F","0.158","Fin well ID 7(2)",10,0.804,NA,NA,NA,NA,4.2,NA,NA,1.248,"2-E7","N","Y","5","Y","Y",0.076,1,"0.7",0.7,1.2,0.6,0.7,0.5,0.9,"","11/14/2020",108.1,"11/19/2020",28.1,0.7401,0.2599,NA,"11/24/2020",2,0.4491,955.4635,23.668,6.152366327,NA,NA,NA,NA,NA,NA,NA,NA,NA,NA,NA,NA,NA,NA,NA,""
"CA-5-2020","CA-20-45","CA-5-20","CA-20-45","8/6/2020","9/23/2020",61.586499,-144.427586,"CA",1.452,40.6,NA,4.5,NA,10.6,NA,4.7,26.1,"M","0.048","2-B5",NA,NA,NA,NA,NA,NA,NA,NA,NA,1.312,"2-B1","N","Y","6","Y","Y",0.024,3.9,"1.6",1.5,1.5,1.4,1.4,0.8,0.8,"","11/14/2020",161.5,"11/19/2020",48.1,0.7022,0.2978,NA,"11/24/2020",2,0.4778,955.4635,23.399,6.968990093,NA,NA,NA,NA,NA,NA,NA,NA,NA,NA,NA,NA,NA,NA,NA,""
"CA-6-2020","CA-20-46","CA-6-20","CA-20-46","8/6/2020","9/23/2020",61.586499,-144.427586,"CA",1.17,38.1,NA,4.8,NA,9.7,NA,4.2,23.9,"M","0.056","2-A5 ",NA,NA,NA,NA,NA,NA,NA,NA,NA,1.032,"2-A5","N","Y","6","Y","Y",0.028,1.6,"1.5",2.9,1.2,2.3,0.9,1.6,0.8,"","11/14/2020",183.8,"11/19/2020",51.9,0.7176,0.2824,NA,"11/24/2020",2,0.3783,955.4635,24.0486,6.790654733,NA,NA,NA,NA,NA,NA,NA,NA,NA,NA,NA,NA,NA,NA,NA,""
"CA-7-2020","CA-20-47","CA-7-20","CA-20-47","8/6/2020","9/28/2020",61.586499,-144.427586,"CA",1.63,41.9,NA,3.6,NA,10.5,NA,5.3,27.6,"F","0.190","Fin well ID 48",10,0.7253,NA,NA,NA,NA,5,NA,NA,1.35,"2-D12","N","Y","5","Y","Y",0.076,1.3,"1.1",1.5,1.3,1,0.8,1.3,0.6,"","11/14/2020",182.3,"11/19/2020",54.4,0.7016,0.2984,NA,"11/24/2020",2,0.3975,955.4635,25.6418,7.651749424,NA,NA,NA,NA,NA,NA,NA,NA,NA,NA,NA,NA,NA,NA,NA,""
"CA-8-2020","CA-20-48","CA-8-20","CA-20-48","8/6/2020","9/23/2020",61.586499,-144.427586,"CA",1.91,44.5,NA,5.1,NA,11.7,NA,5.5,28.1,"M","0.058","2-B3",NA,NA,NA,NA,NA,NA,NA,NA,NA,1.752,"2-A11","N","Y","5","Y","Y",0.03,4,"4.2",3.9,5.1,2.8,1.8,1.2,1.3,"","11/14/2020",146.8,"11/19/2020",48.2,0.6717,0.3283,NA,"11/24/2020",2,0.4147,955.4635,16.4674,5.406871117,NA,NA,NA,NA,NA,NA,NA,NA,NA,NA,NA,NA,NA,NA,NA,""
"CA-9-2020","CA-20-49","CA-9-20","CA-20-49","8/6/2020","9/24/2020",61.586499,-144.427586,"CA",1.76,43.4,NA,5.4,NA,10.5,NA,4.9,26.6,"M","0.064","2-C1 ",NA,NA,NA,NA,NA,NA,NA,NA,NA,1.592,"2-B5","N","Y","6","Y","Y",0.036,0.8,"0.8",0.8,0.7,0.7,0.7,0.6,0.6,"","11/14/2020",114.3,"11/19/2020",29.7,0.7402,0.2598,NA,"11/24/2020",2,0.381,955.4635,23.7752,6.177807874,NA,NA,NA,NA,NA,NA,NA,NA,NA,NA,NA,NA,NA,NA,NA,""
"CA-10-2020","CA-20-50","CA-10-20","CA-20-50","8/6/2020","9/23/2020",61.586499,-144.427586,"CA",2.442,48.2,NA,5.8,NA,13,NA,5.7,30.8,"M","0.044","2-B7 ",NA,NA,NA,NA,NA,NA,NA,NA,NA,2.244,"2-B3","Y","Y","6","Y","Y",0.024,6.6,"5.5",5.9,5.7,3.7,5.6,1.5,2.3,"","11/14/2020",158.3,"11/19/2020",55.6,0.6488,0.3512,NA,"11/24/2020",2,0.4336,955.4635,29.0382,10.19914037,NA,NA,NA,NA,NA,NA,NA,NA,NA,NA,NA,NA,NA,NA,NA,""
"CA-11-2020","CA-20-51","CA-11-20","CA-20-51","8/6/2020","9/28/2020",61.586499,-144.427586,"CA",1.798,44.3,NA,4,NA,10.5,NA,5.2,27,"F","0.230","Fin well ID 1(2)",10,0.7713,NA,NA,NA,NA,4.6,NA,NA,1.474,"2-E1 (1 oto)","N","Y","5","Y","Y",0.106,NA,"",NA,NA,NA,NA,NA,NA,"","11/23/2020",96.9,"1/5/2021",24.6,0.7461,0.2539,NA,"2/5/2021",4,0.407,923.3249,21.7376,5.518523839,4,0.4458,923.3249,21.4656,5.449471207,NA,NA,NA,NA,NA,NA,NA,NA,NA,NA,""
"CA-12-2020","CA-20-52","CA-12-20","CA-20-52","8/6/2020","9/28/2020",61.586499,-144.427586,"CA",1.66,42,NA,3.7,NA,10.5,NA,5,26.8,"F","0.180","Fin clip ID: 46",10,0.6211,NA,NA,NA,NA,4.4,NA,NA,1.384,"2-D10 (1 oto)","Y","Y","6","Y","Y",0.086,4.3,"3.5",4.2,2.8,4.5,3.1,2.7,1.9,"","11/23/2020",108.9,"1/5/2021",35.4,0.6749,0.3251,NA,"2/5/2021",2,0.4661,955.4635,25.5009,8.28954876,NA,NA,NA,NA,NA,NA,NA,NA,NA,NA,NA,NA,NA,NA,NA,""
"CA-13-2020","CA-20-53","CA-13-20","CA-20-53","8/6/2020","9/28/2020",61.586499,-144.427586,"CA",1.426,39.9,NA,3.6,NA,10.4,NA,4.7,26.1,"F","0.164","Fin well ID: 9(2)",NA,NA,NA,NA,NA,NA,4.2,NA,NA,1.198,"2-E9 (1 oto)","N","Y","6","Y","Y",0.092,0.8,"0.8",1.1,1.6,1.9,0.7,0.7,0.6,"","11/23/2020",108.4,"1/5/2021",28.6,0.7362,0.2638,NA,"2/5/2021",2,0.4873,955.4635,23.876,6.299387454,NA,NA,NA,NA,NA,NA,NA,NA,NA,NA,NA,NA,NA,NA,NA,""
"CA-14-2020","CA-20-54","CA-14-20","CA-20-54","8/6/2020","",61.586499,-144.427586,"CA",2.076,48.5,NA,3.6,NA,10.5,NA,5.4,28,"F","0.180","Fin well ID 2(2)",NA,NA,NA,NA,NA,NA,4.6,NA,NA,1.806,"2-E2","Y","Y","4","Y","Y",0.09,1.3,"1.7",1,1.4,0.8,1.3,0.8,0.7,"","11/23/2020",133,"1/5/2021",39.7,0.7015,0.2985,NA,"2/5/2021",4,0.5125,923.3249,18.1292,5.411498045,NA,NA,NA,NA,NA,NA,NA,NA,NA,NA,NA,NA,NA,NA,NA,""
"CA-15-2020","CA-20-55","CA-15-20","CA-20-55","8/6/2020","9/24/2020",61.586499,-144.427586,"CA",1.74,43.4,NA,5.3,NA,11.4,NA,4.9,27.5,"","0.082","2-D5 ",NA,NA,NA,NA,NA,NA,NA,NA,NA,1.534,"2-C5 (1 oto)","N","Y","","Y","Y",0.042,1.2,"1.6",1,1.4,0.8,2.1,1.7,0.9,"","11/23/2020",89.5,"1/5/2021",25.6,0.714,0.286,NA,"2/5/2021",4,0.424,923.3249,24.0732,6.885742123,NA,NA,NA,NA,NA,NA,NA,NA,NA,NA,NA,NA,NA,NA,NA,""
"CA-16-2020","CA-20-56","CA-16-20","CA-20-56","8/6/2020","9/28/2020",61.586499,-144.427586,"CA",1.872,44,NA,4,NA,11.2,NA,5.2,28.5,"F","0.192","Fin Well ID: 5(2)",NA,NA,NA,NA,NA,NA,5.1,NA,NA,1.582,"2-E5 (1 OTO)","N","Y","6","Y","Y",0.076,2.1,"1.6",1.8,1.5,1.6,1.9,1.3,0.8,"","11/23/2020",110,"1/5/2021",33.1,0.6991,0.3009,NA,"2/5/2021",4,0.3226,923.3249,18.0088,5.419011636,NA,NA,NA,NA,NA,NA,NA,NA,NA,NA,NA,NA,NA,NA,NA,""
"CA-17-2020","CA-20-57","CA-17-20","CA-20-57","8/6/2020","9/23/2020",61.586499,-144.427586,"CA",2.374,49.7,NA,7.2,NA,12.4,NA,6,30.2,"M","0.074","2-B1",NA,NA,NA,NA,NA,NA,NA,NA,NA,2.16,"2-A9","Y","Y","6","Y","Y",0.038,1.7,"1.5",1.7,1.8,1.2,1.5,0.8,1.5,"","11/23/2020",86.8,"1/5/2021",26.5,0.6947,0.3053,NA,"2/5/2021",2,0.4074,955.4635,20.7262,6.327699309,NA,NA,NA,NA,NA,NA,NA,NA,NA,NA,NA,NA,NA,NA,NA,""
"CA-18-2020","CA-20-58","CA-18-20","CA-20-58","8/6/2020","9/23/2020",61.586499,-144.427586,"CA",1.352,40.3,NA,4.8,NA,10,NA,4.6,26,"M","0.042","N/A",NA,NA,NA,NA,NA,NA,NA,NA,NA,1.236,"2-A2","Y","Y","5","Y","Y",0.02,4.6,"3.3",2.8,2,3.4,1.4,1.2,1.4,"","11/23/2020",114.7,"1/5/2020",37,0.6774,0.3226,NA,"2/5/2021",2,0.4213,955.4635,24.9155,8.037258065,NA,NA,NA,NA,NA,NA,NA,NA,NA,NA,NA,NA,NA,NA,NA,""
"CA-19-2020","CA-20-59","CA-19-20","CA-20-59","8/6/2020","9/28/2020",61.586499,-144.427586,"CA",1.336,40,NA,3.8,NA,9.7,NA,4.8,25.6,"F","0.134","Fin well ID 47",NA,NA,NA,NA,NA,NA,5.2,NA,NA,1.132,"2-D11","N","Y","8","Y","Y",0.064,1.5,"2.5",1.2,1.6,1.1,1.2,2,1,"","11/23/2020",93.4,"1/5/2021",27.2,0.7088,0.2912,NA,"2/5/2021",4,0.4181,923.3249,23.8014,6.931456959,NA,NA,NA,NA,NA,NA,NA,NA,NA,NA,NA,NA,NA,NA,NA,""
"CA-20-2020","CA-20-60","CA-20-20","CA-20-60","8/6/2020","9/23/2020",61.586499,-144.427586,"CA",2.296,47.3,NA,6.2,NA,12,NA,6,29.9,"M","0.090","2-B4 ",NA,NA,NA,NA,NA,NA,NA,NA,NA,2.068,"2-A12 (1 OTO)","Y","Y","6","Y","Y",0.044,4.1,"2.8",5.1,2.5,3,1.5,1,0.9,"","11/23/2020",128,"1/5/2020",41.3,0.6773,0.3227,NA,"2/5/2021",2,0.423,955.4635,27.4226,8.848073281,NA,NA,NA,NA,NA,NA,NA,NA,NA,NA,NA,NA,NA,NA,NA,""
"MN-1-2020","MN-20-1","MN-1-20","MN-20-1","7/30/2020","9/23/2020",62.94958,-143.35984,"MN",1.896,45.4,NA,7,NA,13.3,NA,5.5,31.5,"M","0.05","2-A6 ",NA,NA,NA,NA,NA,NA,NA,NA,NA,1.71,"2-A6 (1 OTO","N","Y (bad scales)","","Y","Y",0.028,0.5,"0.3",0.2,0.3,0.3,0.3,0.4,0.5,"","1/10/2021",104.1,"1/14/2021",19.7,0.8108,0.1892,NA,"2/8/2021",4,0.4666,923.3249,20.1929,3.821326897,NA,NA,NA,NA,NA,NA,NA,NA,NA,NA,NA,NA,NA,NA,NA,""
"MN-2-2020","MN-20-2","MN-2-20","MN-20-2","7/30/2020","9/24/2020",62.94958,-143.35984,"MN",2.024,45.6,NA,6.7,NA,14,NA,4.3,32,"M","0.036","2-C3",NA,NA,NA,NA,NA,NA,NA,NA,NA,1.848,"2-B7 (1 OTO)","N","","","Y","Y",0.02,0.4,"0.4",0.4,0.5,0.6,0.5,0.6,0.5,"","1/10/2021",81.3,"1/14/2021",15.6,0.8081,0.1919,NA,"2/8/2021",2,0.3468,955.4635,19.8806,3.814727675,NA,NA,NA,NA,NA,NA,NA,NA,NA,NA,NA,NA,NA,NA,NA,""
"MN-3-2020","MN-20-3","MN-3-20","MN-20-3","7/30/2020","9/26/2020",62.94958,-143.35984,"MN",1.04,38.8,NA,4.4,NA,11,NA,2.9,NA,"M","0.03","Fin well ID 41",NA,NA,NA,NA,NA,NA,NA,NA,NA,0.946,"2-D5 (1 OTO)","N","Y","5","Y","Y",0.016,0.3,"0.4",0.4,0.3,0.4,0.5,0.4,0.5,"","1/10/2021",103.6,"1/14/2021",18.3,0.8234,0.1766,NA,"2/8/2021",4,0.4429,923.3249,19.3462,3.417330695,NA,NA,NA,NA,NA,NA,NA,NA,NA,NA,NA,NA,NA,NA,NA,""
"MN-4-2020","MN-20-4","MN-4-20","MN-20-4","7/30/2020","9/28/2020",62.94958,-143.35984,"MN",1.642,49.9,NA,7.4,NA,12.5,NA,4.4,30.6,"M","0.038","Fin well ID 17(2)",NA,NA,NA,NA,NA,NA,NA,NA,NA,1.492,"2-F5","N","Y","3","Y","Y",0.016,0.3,"0.3",0.3,0.5,0.3,0.3,0.4,0.5,"","1/10/2021",79.3,"1/14/2021",14.6,0.8159,0.1841,NA,"2/8/2021",2,0.5085,955.4635,20.8907,3.846207062,NA,NA,NA,NA,NA,NA,NA,NA,NA,NA,NA,NA,NA,NA,NA,""
"MN-5-2020","MN-20-5","MN-5-20","MN-20-5","7/30/2020","9/28/2020",62.94958,-143.35984,"MN",1.724,46,NA,6.7,NA,12.3,NA,4.1,28.2,"M","0.018","Fin well: 13(2)",NA,NA,NA,NA,NA,NA,NA,NA,NA,1.592,"2-F1","N","Y","4","Y","Y",0.01,0.6,"0.3",1.3,0.4,3.5,0.2,1.2,0.3,"","1/10/2021",89.5,"1/14/2021",17.2,0.8078,0.1922,NA,"2/8/2021",4,0.3452,923.3249,18.1366,3.485469497,2,0.3865,955.4635,20.0588,3.854875531,NA,NA,NA,NA,NA,NA,NA,NA,NA,NA,""
"MN-6-2020","MN-20-6","MN-6-20","MN-20-6","7/30/2020","9/29/2020",62.94958,-143.35984,"MN",1.554,43.4,NA,3.6,NA,10.3,NA,4.6,26.6,"F","0.304","Fin well: 21(2)",10,0.8135,NA,NA,NA,NA,5.3,NA,NA,1.162,"2-F9","N","Y","5","Y","Y",0.18,0.4,"0.7",0.5,0.5,0.4,0.7,0.8,0.8,"","1/10/2021",89.5,"1/14/2021",19.3,0.7844,0.2156,NA,"2/8/2021",4,0.4095,923.3249,20.6751,4.458429385,NA,NA,NA,NA,NA,NA,NA,NA,NA,NA,NA,NA,NA,NA,NA,""
"MN-7-2020","MN-20-7","MN-7-20","MN-20-7","7/30/2020","9/29/2020",62.94958,-143.35984,"MN",1.62,44.3,NA,5.1,NA,10.6,NA,4.1,26,"F","N/A","Fin well: 19, partial spawn",NA,NA,NA,NA,NA,NA,NA,NA,NA,1.726,"2-F7 (1 OTO)","N","Y","5","Y","N",NA,0.7,"0.6",0.4,0.3,0.4,0.4,1.1,0.4,"partial spawn","1/10/2021",82.1,"1/14/2021",16.9,0.7942,0.2058,NA,"2/8/2021",2,0.3743,955.4635,21.4776,4.421089403,NA,NA,NA,NA,NA,NA,NA,NA,NA,NA,NA,NA,NA,NA,NA,""
"MN-8-2020","MN-20-8","MN-8-20","MN-20-8","7/30/2020","9/28/2020",62.94958,-143.35984,"MN",1.294,44.3,NA,4.4,NA,10.5,NA,3.3,25.1,"F","none","Fin well ID: 12(2). Post-spawn.",NA,NA,NA,NA,NA,NA,NA,NA,NA,1.22,"2-E12 ","N","Y","5","Y","N",NA,0.3,"0.4",0.3,0.3,0.7,0.4,0.4,0.4,"Post-spawn.","1/10/2021",82.1,"1/14/2021",16.1,0.8039,0.1961,NA,"2/8/2021",4,0.4305,923.3249,18.817,3.690057247,NA,NA,NA,NA,NA,NA,NA,NA,NA,NA,NA,NA,NA,NA,NA,""
"MN-9-2020","MN-20-9","MN-9-20","MN-20-9","7/30/2020","9/29/2020",62.94958,-143.35984,"MN",1.266,42.5,NA,4.4,NA,9.6,NA,3.8,23.2,"F","N/A","Fin well ID: 22(2). Post-spawn, no eggs",NA,NA,NA,NA,NA,NA,NA,NA,NA,1.174,"2-F10","N","Y","5","Y","N",NA,0.3,"0.5",0.3,0.4,0.7,0.6,0.8,0.4,"Post-spawn, no eggs","1/10/2021",66.2,"1/14/2021",13,0.8036,0.1964,NA,"2/8/2021",2,0.3608,955.4635,19.476,3.824592145,NA,NA,NA,NA,NA,NA,NA,NA,NA,NA,NA,NA,NA,NA,NA,""
"FC-1-2020","FC-20-1","FC-1-20","FC-20-1","7/31/2020","9/28/2020",63.09558659,-145.452777,"FC",1.232,42.8,NA,4,NA,10.1,NA,3.6,24.1,"F","0.212","Fin well ID: 16 (2)",10,0.7315,NA,NA,NA,NA,4.7,NA,NA,0.966,"2-F4","N","Y","7","Y","Y",0.118,0.4,"0.5",0.3,0.4,0.7,0.4,1.2,0.4,"","1/10/2021",93.9,"1/14/2021",20.2,0.7849,0.2151,NA,"2/10/2021",2,0.4471,955.4635,20.079,4.319444089,NA,NA,NA,NA,NA,NA,NA,NA,NA,NA,NA,NA,NA,NA,NA,""
"FC-2-2020","FC-20-2","FC-2-20","FC-20-2","7/31/2020","9/28/2020",63.09558659,-145.452777,"FC",1.342,40.9,NA,4.3,NA,10.4,NA,4.7,25.4,"F","0.254","Fin well ID: 11",10,0.8079,NA,NA,NA,NA,5,NA,NA,1.044,"2-E11","N","Y","5","Y","Y",0.142,0.5,"0.7",0.5,0.8,1.2,0.6,1.9,0.7,"","1/10/2021",94.1,"1/14/2021",23.5,0.7503,0.2497,NA,"2/10/2021",4,0.5043,923.3249,19.6218,4.900236982,NA,NA,NA,NA,NA,NA,NA,NA,NA,NA,NA,NA,NA,NA,NA,""
"FC-3-2020","FC-20-3","FC-3-20","FC-20-3","7/31/2020","9/28/2020",63.09558659,-145.452777,"FC",1.476,41.9,NA,3.9,NA,10.6,NA,4,25.2,"F","0.262","Fin well ID: 15 (2)",10,0.9226,NA,NA,NA,NA,4.9,NA,NA,1.152,"2-F3","N","Y","3","Y","Y",0.15,0.4,"0.7",0.6,0.8,0.5,0.7,0.5,0.9,"","1/10/2021",98.8,"1/14/2021",23,0.7672,0.2328,NA,"2/10/2021",2,0.4383,955.4635,22.024,5.127044534,NA,NA,NA,NA,NA,NA,NA,NA,NA,NA,NA,NA,NA,NA,NA,""
"FC-4-2020","FC-20-4","FC-4-20","FC-20-4","7/31/2020","9/28/2020",63.09558659,-145.452777,"FC",1.61,43.6,NA,4.4,NA,10.5,NA,4.5,26.6,"F","0.3","Fin well ID: 8(2)",10,1.1557,NA,NA,NA,NA,4.9,NA,NA,1.252,"2-E8 (one missing)","N","Y","5","Y","Y",0.15,0.4,"0.4",0.4,0.7,0.7,0.4,1.2,0.4,"","1/10/2021",97.7,"1/14/2021",20.9,0.7861,0.2139,NA,"2/10/2021",4,0.4454,923.3249,20.342,4.351563971,NA,NA,NA,NA,NA,NA,NA,NA,NA,NA,NA,NA,NA,NA,NA,""
"FC-5-2020","FC-20-5","FC-5-20","FC-20-5","7/31/2020","9/28/2020",63.09558659,-145.452777,"FC",1.93,42.8,NA,4.6,NA,11.7,NA,5.5,29.3,"F","0.314","Fin well ID: 10 (2)",10,1.0431,NA,NA,NA,NA,5,NA,NA,1.526,"2-E10","N","Y","5","Y","Y",0.15,0.7,"0.6",0.7,0.7,0.6,0.8,1.3,0.6,"","1/10/2021",98.9,"1/14/2021",23.2,0.7654,0.2346,NA,"2/10/2021",2,0.3338,955.4635,22.8293,5.355305966,NA,NA,NA,NA,NA,NA,NA,NA,NA,NA,NA,NA,NA,NA,NA,""
"FC-6-2020","FC-20-6","FC-6-20","FC-20-6","7/31/2020","9/24/2020",63.09558659,-145.452777,"FC",2.39,48.2,NA,8.3,NA,14.6,NA,5,32.5,"M","0.056","2-C5",NA,NA,NA,NA,NA,NA,NA,NA,NA,2.232,"2-B9 ","Y","Y","bad scales","Y","Y",0.026,0.6,"0.4",0.3,0.5,0.6,0.5,0.4,0.6,"","1/10/2021",105.7,"1/14/2021",22.8,0.7843,0.2157,NA,"2/10/2021",4,0.4718,923.3249,21.1345,4.558813623,NA,NA,NA,NA,NA,NA,NA,NA,NA,NA,NA,NA,NA,NA,NA,""
"FC-7-2020","FC-20-7","FC-7-20","FC-20-7","7/31/2020","9/29/2020",63.09558659,-145.452777,"FC",2.59,48.8,NA,8.3,NA,13.4,NA,5.6,32.1,"M","0.044","Fin well ID: 25 (2)",NA,NA,NA,NA,NA,NA,NA,NA,NA,2.386,"2-G1 (one missing)","N","Y","4","Y","Y",0.024,0.3,"0.8",0.3,0.8,0.3,0.4,0.4,0.3,"","1/10/2021",115.5,"1/14/2021",25.8,0.7766,0.2234,NA,"2/10/2021",2,0.2739,955.4635,21.5977,4.824421299,NA,NA,NA,NA,NA,NA,NA,NA,NA,NA,NA,NA,NA,NA,NA,""
"FC-8-2020","FC-20-8","FC-8-20","FC-20-8","7/31/2020","9/24/2020",63.09558659,-145.452777,"FC",2.708,50.8,NA,8.8,NA,14.5,NA,5.4,33.5,"","0.044","2-C8 ",NA,NA,NA,NA,NA,NA,NA,NA,NA,2.538,"2-B12 ","Y","Y","5","Y","Y",0.024,0.5,"0.5",0.5,0.5,0.7,0.6,0.7,0.6,"","1/10/2021",112.3,"1/14/2021",25.2,0.7756,0.2244,NA,"2/10/2021",4,0.3175,923.3249,22.2745,4.998373998,NA,NA,NA,NA,NA,NA,NA,NA,NA,NA,NA,NA,NA,NA,NA,""
"FC-9-2020","FC-20-9","FC-9-20","FC-20-9","7/31/2020","9/24/2020",63.09558659,-145.452777,"FC",2.662,48.6,NA,8.9,NA,14.8,NA,5.3,34,"M","0.052","2-C7",NA,NA,NA,NA,NA,NA,NA,NA,NA,2.432,"2-B11 ","N","Y","5","Y","Y",0.026,0.3,"0.4",0.4,0.5,0.4,0.5,0.5,0.5,"","1/10/2021",141.1,"1/14/2021",28.3,0.7994,0.2006,NA,"2/10/2021",2,0.2875,955.4635,21.9455,4.401542523,NA,NA,NA,NA,NA,NA,NA,NA,NA,NA,NA,NA,NA,NA,NA,""
"FC-10-2020","FC-20-10","FC-10-20","FC-20-10","7/31/2020","9/24/2020",63.09558659,-145.452777,"FC",2.392,47.6,NA,8.3,NA,13.8,NA,5.2,32,"M","0.066","2-D3 ",NA,NA,NA,NA,NA,NA,NA,NA,NA,2.19,"2-C3 ","Y","Y","","Y","Y",0.03,0.7,"0.7",0.6,0.6,0.5,0.8,0.6,0.6,"","1/10/2021",115.2,"1/14/2021",29.4,0.7448,0.2552,NA,"2/10/2021",4,0.348,923.3249,21.5555,5.501143229,NA,NA,NA,NA,NA,NA,NA,NA,NA,NA,NA,NA,NA,NA,NA,""
"GH2-1-2020","See 2021 data","","","","",NA,NA,"GH",NA,NA,NA,NA,NA,NA,NA,NA,NA,"","","",NA,NA,NA,NA,NA,NA,NA,NA,NA,NA,"","","","","","",NA,NA,"",NA,NA,NA,NA,NA,NA,"","",NA,"",NA,NA,NA,NA,"",NA,NA,NA,NA,NA,NA,NA,NA,NA,NA,NA,NA,NA,NA,NA,NA,NA,NA,NA,NA,""
"GH2-2-2020","GH2-20-2","GH2-2-20","GH2-20-2","9/8/2020","9/23/2020",63.06732669,-145.5138318,"GH",2.45,49,NA,8.2,NA,12.8,NA,5.7,32.4,"M","0.07","2-B2 ",NA,NA,NA,NA,NA,NA,NA,NA,NA,2.232,"2-A10 ","Y","Y","6","Y","Y",0.036,0.7,"0.6",0.4,0.7,0.4,0.7,0.4,0.5,"","1/15/2021",75.2,"1/21/2021",16.2,0.7846,0.2154,NA,"2/16/2021",4,0.3792,923.3249,20.9377,4.51051516,2,0.4191,955.4635,21.6538,4.664781383,NA,NA,NA,NA,NA,NA,NA,NA,NA,NA,""
"GH2-3-2020","See 2021 data","","","","",NA,NA,"GH",NA,NA,NA,NA,NA,NA,NA,NA,NA,"","","",NA,NA,NA,NA,NA,NA,NA,NA,NA,NA,"","","","","","",NA,NA,"",NA,NA,NA,NA,NA,NA,"","",NA,"",NA,NA,NA,NA,"",NA,NA,NA,NA,NA,NA,NA,NA,NA,NA,NA,NA,NA,NA,NA,NA,NA,NA,NA,NA,""
"GH2-4-2020","See 2021 data","","","","",NA,NA,"GH",NA,NA,NA,NA,NA,NA,NA,NA,NA,"","","",NA,NA,NA,NA,NA,NA,NA,NA,NA,NA,"","","","","","",NA,NA,"",NA,NA,NA,NA,NA,NA,"","",NA,"",NA,NA,NA,NA,"",NA,NA,NA,NA,NA,NA,NA,NA,NA,NA,NA,NA,NA,NA,NA,NA,NA,NA,NA,NA,""
"GH2-5-2020","GH2-20-5","GH2-5-20","GH2-20-5","9/8/2020","9/23/2020",63.06732669,-145.5138318,"GH",1.666,41.8,NA,7.3,NA,10.8,NA,5,27,"M","0.05","2-A8",NA,NA,NA,NA,NA,NA,NA,NA,NA,1.494,"2-A8 (NO OTOS)","N","Y","2 bad scales","Y","Y",0.024,0.4,"0.6",0.7,0.7,0.7,1.1,0.7,0.6,"","1/15/2021",139.3,"1/21/2021",30.6,0.7803,0.2197,NA,"2/16/2021",4,0.3504,923.3249,21.4158,4.70440402,NA,NA,NA,NA,NA,NA,NA,NA,NA,NA,NA,NA,NA,NA,NA,""
"GH2-6-2020","GH2-20-6","GH2-6-20","GH2-20-6","9/8/2020","9/28/2020",63.06732669,-145.5138318,"GH",1.608,45.6,NA,4.6,NA,11,NA,4.2,26.6,"F","0.3","Fin well ID: 4(2)",10,0.8572,NA,NA,NA,NA,4.9,NA,NA,1.24,"2-E4","Y","Y","4","Y","Y",0.078,0.3,"0.5",0.5,0.7,0.4,0.6,2.4,0.5,"","1/15/2021",79.3,"1/21/2021",17.9,0.7743,0.2257,NA,"2/16/2021",2,0.4163,955.4635,20.5785,4.645083859,NA,NA,NA,NA,NA,NA,NA,NA,NA,NA,NA,NA,NA,NA,NA,""
"GH2-7-2020","GH2-20-7","GH2-7-20","GH2-20-7","9/8/2020","9/26/2020",63.06732669,-145.5138318,"GH",1.822,47.3,NA,5.2,NA,11.4,NA,4.7,25.9,"F","0.142","N/A",10,0.7874,NA,NA,NA,NA,5.1,NA,NA,2.65,"2-C11","Y","Y","5","Y","Y",0.068,0.7,"0.7",0.4,0.5,0.4,0.5,0.4,0.6,"","1/15/2021",109.6,"1/20/2021",23.1,0.7892,0.2108,NA,"2/16/2021",4,0.3837,923.3249,20.0141,4.218300274,NA,NA,NA,NA,NA,NA,NA,NA,NA,NA,NA,NA,NA,NA,NA,""
"GH2-8-2020","GH2-20-8","GH2-8-20","GH2-20-8","9/8/2020","9/26/2020",63.06732669,-145.5138318,"GH",1.47,45.7,NA,4.6,NA,9.8,NA,4.1,24,"F","0.04","fin well id:34, partial spawner",10,0.9769,NA,NA,NA,NA,5.2,NA,NA,1.348,"2-C10 (1 OTO)","Y","","","Y","Y",0.036,1,"0.6",0.5,0.5,0.6,0.4,0.6,0.6,"partial spawner","1/15/2021",110.5,"1/21/2021",22.7,0.7946,0.2054,NA,"2/16/2021",2,0.3141,955.4635,21.2779,4.371116109,NA,NA,NA,NA,NA,NA,NA,NA,NA,NA,NA,NA,NA,NA,NA,""
"GH2-9-2020","GH2-20-9","GH2-9-20","GH2-20-9","9/8/2020","9/26/2020",63.06732669,-145.5138318,"GH",1.928,47,NA,5.1,NA,11.7,NA,4.9,27.1,"F","0.26","fin well id: 38",10,0.738,NA,NA,NA,NA,5.1,NA,NA,1.548,"2-D2, one missing","Y","Y","6","Y","Y",0.074,0.7,"0.5",0.5,0.6,0.5,0.7,0.6,0.8,"","1/15/2021",82.5,"1/21/2021",19.4,0.7648,0.2352,NA,"2/16/2021",4,0.3602,923.3249,20.0948,4.725322667,NA,NA,NA,NA,NA,NA,NA,NA,NA,NA,NA,NA,NA,NA,NA,""
"GH2-10-2020","GH2-20-10","GH2-10-20","GH2-20-10","9/8/2020","9/28/2020",63.06732669,-145.5138318,"GH",1.602,45.2,NA,4.8,NA,10.6,NA,4,26.5,"F","0.222","fin well id: 6",10,0.666,NA,NA,NA,NA,4.3,NA,NA,2.458,"2-E6 ","Y","Y","6","Y","Y",0.034,1.5,"0.5",0.8,0.6,0.7,0.5,0.8,0.5,"","1/15/2021",78.9,"1/21/2021",16.9,0.7858,0.2142,NA,"2/16/2021",2,0.3518,955.4635,21.4286,4.589902915,NA,NA,NA,NA,NA,NA,NA,NA,NA,NA,NA,NA,NA,NA,NA,""
"MA-1-2020","MA-20-1","MA-1-20","MA-20-1","8/10/2020","9/24/2020",61.73588,-145.72941806,"MA",2.53,44.6,NA,7.9,NA,17.6,NA,4.4,39.4,"M","0.05","2-B8 ",NA,NA,NA,NA,NA,NA,NA,NA,NA,2.288,"1-B4","N","Y","bad scales","Y","Y",0.024,0.5,"0.3",0.5,0.4,0.5,0.5,0.7,0.6,"","1/5/2021",121.1,"1/9/2021",26.8,0.7787,0.2213,NA,"2/18/2021",4,0.4585,923.3249,19.9867,4.423150784,NA,NA,NA,NA,NA,NA,NA,NA,NA,NA,NA,NA,NA,NA,NA,""
"MA-2-2020","MA-20-2","MA-2-20","MA-20-2","8/10/2020","9/29/2020",61.73588,-145.72941806,"MA",2.448,47.3,NA,8.4,NA,15.5,NA,3.8,34.7,"M","0.04","Fin clip 28 (2)",NA,NA,NA,NA,NA,NA,NA,NA,NA,2.256,"2-G4 ","N","Y","6","Y","Y",0.018,0.3,"0.3",0.4,0.4,0.4,0.4,0.4,0.4,"","1/5/2021",116.9,"1/9/2021",23.8,0.7964,0.2036,NA,"2/18/2021",2,0.4247,955.4635,19.9238,4.056342515,NA,NA,NA,NA,NA,NA,NA,NA,NA,NA,NA,NA,NA,NA,NA,""
"MA-3-2020","MA-20-3","MA-3-20","MA-20-3","8/10/2020","9/26/2020",61.73588,-145.72941806,"MA",1.186,42.6,NA,4.3,NA,10,NA,3.8,23,"F","N/A","Fin clip 44",NA,NA,NA,NA,NA,NA,5.8,NA,NA,1.1,"2-D8","N","Y","5","Y","N",NA,0.4,"0.4",0.5,0.5,0.4,0.4,0.3,0.8,"","1/5/2021",128,"1/9/2021",24.5,0.8086,0.1914,NA,"2/18/2021",4,0.4206,923.3249,19.4928,3.73104375,NA,NA,NA,NA,NA,NA,NA,NA,NA,NA,NA,NA,NA,NA,NA,""
"MA-4-2020","MA-20-4","MA-4-20","MA-20-4","8/10/2020","9/29/2020",61.73588,-145.72941806,"MA",1.682,43.5,NA,4.8,NA,11.9,NA,4.5,27,"F","0.034","Fin clip 20 (2)",10,1.2747,NA,NA,NA,NA,6,NA,NA,1.514,"2-F8","N","Y","5","Y","Y",0.034,0.5,"0.4",0.7,0.6,0.4,0.5,0.6,0.5,"","1/5/2020",102.5,"1/9/2021",21.8,0.7873,0.2127,NA,"2/18/2021",2,0.4142,955.4635,22.2347,4.728941073,NA,NA,NA,NA,NA,NA,NA,NA,NA,NA,NA,NA,NA,NA,NA,""
"MA-5-2020","MA-20-5","MA-5-20","MA-20-5","8/10/2020","9/26/2020",61.73588,-145.72941806,"MA",1.132,42.4,NA,4.2,NA,10.6,NA,3.5,NA,"F",",006","Fin clip 43, post-spawn",10,0.8801,NA,NA,NA,NA,5.5,NA,NA,1.042,"2-D7, one missing","N","Y","7","Y","N",NA,0.5,"0.4",0.4,0.4,0.4,0.4,1.1,0.5,"","1/5/2021",144.9,"1/9/2021",27.9,0.8075,0.1925,NA,"2/18/2021",4,0.3775,923.3249,17.1082,3.294125466,2,0.2947,955.4635,20.0857,3.867432919,NA,NA,NA,NA,NA,NA,NA,NA,NA,NA,""
"MA-6-2020","MA-20-6","MA-6-20","MA-20-6","8/10/2020","9/26/2020",61.73588,-145.72941806,"MA",2.112,44.8,NA,7.7,NA,14.6,NA,4.6,34,"M","0.038","fin well id:40",NA,NA,NA,NA,NA,NA,NA,NA,NA,1.896,"2-D4 ","N","Y","6","Y","Y",0.018,0.3,"0.3",0.3,0.4,0.3,0.4,0.3,0.5,"","1/5/2021",94.3,"1/9/2021",18.3,0.8059,0.1941,NA,"2/18/2021",4,0.4246,923.3249,19.3812,3.761144857,NA,NA,NA,NA,NA,NA,NA,NA,NA,NA,NA,NA,NA,NA,NA,""
"MA-7-2020","MA-20-7","MA-7-20","MA-20-7","8/10/2020","9/29/2020",61.73588,-145.72941806,"MA",1.406,43.2,NA,5.3,NA,11,NA,4,25.7,"F","0.004","Fin clip 29 (2)",NA,NA,NA,NA,NA,NA,6.4,NA,NA,1.342,"2-G5 ","NO READ","Y","4","Y","Y",0.004,0.3,"0.3",0.3,0.3,0.3,0.4,0.4,0.6,"","1/5/2021",116.5,"1/9/2021",23.4,0.7991,0.2009,NA,"2/18/2021",2,0.3061,955.4635,20.6622,4.150175794,NA,NA,NA,NA,NA,NA,NA,NA,NA,NA,NA,NA,NA,NA,NA,""
"MA-8-2020","MA-20-8","MA-8-20","MA-20-8","8/10/2020","9/24/2020",61.73588,-145.72941806,"MA",2.362,45.6,NA,8.6,NA,15.6,NA,4.9,35.8,"M","0.036","2-C2 ",NA,NA,NA,NA,NA,NA,NA,NA,NA,2.162,"2-B6  ","N","Y","5","Y","Y",0.02,0.5,"0.4",0.4,0.4,0.6,0.5,0.4,0.5,"","1/5/2021",142,"1/9/2021",31.6,0.7775,0.2225,NA,"2/18/2021",4,0.3808,923.3249,17.703,3.939540845,NA,NA,NA,NA,NA,NA,NA,NA,NA,NA,NA,NA,NA,NA,NA,""
"MA-9-2020","MA-20-9","MA-9-20","MA-20-9","8/10/2020","9/29/2020",61.73588,-145.72941806,"MA",1.748,44.5,NA,4.5,NA,13.4,NA,4.2,29.6,"F","0.196","Fin clip 24(2)",10,1.0853,NA,NA,NA,NA,5.7,NA,NA,2.578,"2-F12","N","Y","5","Y","Y",0.062,0.4,"0.3",0.7,0.5,0.4,0.4,0.5,0.4,"","1/5/2021",137.1,"1/9/2021",26,0.8104,0.1896,NA,"2/18/2021",2,0.4272,955.4635,20.9315,3.969504012,NA,NA,NA,NA,NA,NA,NA,NA,NA,NA,NA,NA,NA,NA,NA,""
"MA-10-2020","MA-20-10","MA-10-20","MA-20-10","8/10/2020","9/24/2020",61.73588,-145.72941806,"MA",2.472,49.4,NA,9.2,NA,15.8,NA,5,34.3,"M","0.008","2-D2 ",NA,NA,NA,NA,NA,NA,NA,NA,NA,2.264,"2-C2 one missing oto","N","Y","","Y","Y",0.002,0.3,"0.4",0.3,0.4,0.4,0.4,0.6,0.4,"","1/5/2021",138.8,"1/9/2021",25.4,0.817,0.183,NA,"2/18/2021",4,0.4258,923.3249,18.8246,3.44484755,NA,NA,NA,NA,NA,NA,NA,NA,NA,NA,NA,NA,NA,NA,NA,""
"SA-1-2020","SA-20-1","SA-1-20","SA-20-1","8/11/2020","9/24/2020",61.73588,-145.72941806,"SA",1.95,45,NA,7.6,NA,14.8,NA,4.2,32.7,"","0.012","2-C4",NA,NA,NA,NA,NA,NA,NA,NA,NA,1.804,"2-B8 ","N","Y","","Y","Y",0.008,NA,"",NA,NA,NA,NA,NA,NA,"","1/23/2021",125.8,"1/28/2021",24.3,0.8068,0.1932,NA,"2/23/2021",2,0.3022,955.4635,20.365,3.933779809,NA,NA,NA,NA,NA,NA,NA,NA,NA,NA,NA,NA,NA,NA,NA,""
"SA-2-2020","SA-20-2","SA-2-20","SA-20-2","8/11/2020","9/24/2020",61.73953006,-145.96851937,"SA",1.926,44.9,NA,7.8,NA,15.3,NA,4.5,NA,"M","0.016","2-D4 ",NA,NA,NA,NA,NA,NA,NA,NA,NA,1.798,"2-C4 ","N","","","Y","Y",0.006,0.3,"0.6",0.5,0.4,0.5,0.4,0.7,0.6,"","1/23/2020",85.5,"1/28/2021",15.2,0.8222,0.1778,NA,"2/23/2021",4,0.3158,923.3249,19.5469,3.475004444,NA,NA,NA,NA,NA,NA,NA,NA,NA,NA,NA,NA,NA,NA,NA,""
"SA-3-2020","SA-20-3","SA-3-20","SA-20-3","8/11/2020","9/24/2020",61.73953006,-145.96851937,"SA",1.688,47.7,NA,6.1,NA,12.4,NA,4,26.6,"M","0.016","2-D1 ",NA,NA,NA,NA,NA,NA,NA,NA,NA,1.54,"2-C1","N","Y","","Y","Y",0.008,0.3,"0.3",0.4,0.4,0.3,0.6,0.5,0.4,"","1/23/2021",105.5,"1/28/2021",21.7,0.7943,0.2057,NA,"2/23/2021",2,0.4868,955.4635,17.9294,3.687848152,NA,NA,NA,NA,NA,NA,NA,NA,NA,NA,NA,NA,NA,NA,NA,""
"SA-4-2020","SA-20-4","SA-4-20","SA-20-4","8/10/2020","9/29/2020",61.73953006,-145.96851937,"SA",1.482,43.9,NA,4.7,NA,10.6,NA,3.9,24.1,"F","N/A","Fin clip: 23(2), post spawn, no eggs",NA,NA,NA,NA,NA,NA,NA,NA,NA,1.406,"2-F11","N","Y","5","Y","N",NA,0.4,"0.4",0.3,0.5,0.7,0.5,0.3,0.4,"post spawn, no eggs","1/23/2021",78.3,"1/28/2021",14.5,0.8148,0.1852,NA,"2/23/2021",4,0.3226,923.3249,20.2953,3.758388889,NA,NA,NA,NA,NA,NA,NA,NA,NA,NA,NA,NA,NA,NA,NA,""
"SA-5-2020","SA-20-5","SA-5-20","SA-20-5","8/11/2020","9/29/2020",61.73953006,-145.96851937,"SA",1.33,41.7,NA,5.5,NA,10.4,NA,3.7,25.4,"F","N/A","Fin clip 18(2), post-spawn, just one egg",1,NA,NA,NA,NA,NA,5.8,NA,NA,1.244,"2-F6","N","Y","6","Y","N",NA,0.8,"0.4",0.5,0.5,0.4,0.5,0.4,0.5,"post-spawn, just one egg","1/23/2021",75.1,"1/28/2021",14.2,0.8109,0.1891,NA,"2/23/2021",2,0.2672,955.4635,20.4194,3.860925166,NA,NA,NA,NA,NA,NA,NA,NA,NA,NA,NA,NA,NA,NA,NA,""
"SA-6-2020","SA-20-6","SA-6-20","SA-20-6","8/11/2020","9/29/2020",61.73953006,-145.96851937,"SA",1.534,43.4,NA,4.4,NA,11.7,NA,4.7,27,"F","0.012","Fin clip 27",1,NA,NA,NA,NA,NA,5.7,NA,NA,1.446,"2-G3","N","Y","5","Y","Y",0.012,0.5,"0.7",0.4,0.5,0.4,0.5,0.4,0.5,"","1/23/2021",79.9,"1/28/2021",16.5,0.7935,0.2065,NA,"2/23/2021",4,0.3644,923.3249,21.0183,4.340449937,NA,NA,NA,NA,NA,NA,NA,NA,NA,NA,NA,NA,NA,NA,NA,""
"SA-7-2020","SA-20-7","SA-7-20","SA-20-7","8/11/2020","9/24/2020",61.73953006,-145.96851937,"SA",2.24,46.9,NA,8.5,NA,15.8,NA,4.9,35,"M","0.03","2-D6 ",NA,NA,NA,NA,NA,NA,NA,NA,NA,2.118,"2-C6 ","N","Y","bad scales","Y","Y",0.016,0.3,"0.3",0.3,0.7,0.8,0.3,0.5,0.4,"","1/23/2021",104.2,"1/28/2021",20.3,0.8052,0.1948,NA,"2/23/2021",2,0.3927,955.4635,18.2457,3.554584549,NA,NA,NA,NA,NA,NA,NA,NA,NA,NA,NA,NA,NA,NA,NA,""
"SA-8-2020","SA-20-8","SA-8-20","SA-20-8","8/11/2020","9/26/2020",61.73953006,-145.96851937,"SA",1.536,44.4,NA,5.3,NA,10.6,NA,4.2,26.2,"F","N/A","Fin clip, 45 only one single egg, post-spawn",NA,NA,NA,NA,NA,NA,5.75,NA,NA,1.392,"2-D9","N","Y","5","Y","N",NA,0.3,"0.4",0.3,0.4,0.5,0.5,0.8,0.6,"only one single egg, post-spawn","1/23/2021",130,"1/28/2021",24.8,0.8092,0.1908,NA,"2/23/2021",4,0.339,923.3249,21.0664,4.018820923,NA,NA,NA,NA,NA,NA,NA,NA,NA,NA,NA,NA,NA,NA,NA,""
"SA-9-2020","SA-20-9","SA-9-20","SA-20-9","8/11/2020","9/28/2020",61.73953006,-145.96851937,"SA",1.208,42.9,NA,4.5,NA,9.9,NA,3.4,23.5,"F","N/A","Fin clip 14(2)",NA,NA,NA,NA,NA,NA,NA,NA,NA,1.106,"2-F2 one missing","N","Y","6","Y","N",NA,0.3,"0.3",0.3,0.3,0.3,0.4,0.4,0.4,"","1/23/2021",73.4,"1/28/2021",14.7,0.7997,0.2003,NA,"2/23/2021",2,0.4245,955.4635,20.7708,4.159819619,NA,NA,NA,NA,NA,NA,NA,NA,NA,NA,NA,NA,NA,NA,NA,""
"SA-10-2020","SA-20-10","SA-10-20","SA-20-10","8/11/2020","9/24/2020",61.73953006,-145.96851937,"SA",1.982,44,NA,7.3,NA,14.9,NA,4.8,33,"M","0.046","2-C6 ",NA,NA,NA,NA,NA,NA,NA,NA,NA,1.77,"2-B10","N","Y","5","Y","Y",0.026,0.4,"0.4",0.3,0.4,0.4,0.4,0.3,0.4,"","1/23/2021",92.2,"1/28/2021",18.7,0.7972,0.2028,NA,"2/23/2021",4,0.5074,923.3249,20.6418,4.18656898,NA,NA,NA,NA,NA,NA,NA,NA,NA,NA,NA,NA,NA,NA,NA,""
"CL-1-2020","CL-20-1","CL-1-20","CL-20-1","9/10/2020","9/29/2020",62.42724893,-143.4817789,"CL",0.916,40.1,NA,4,NA,9.1,NA,3.3,22.2,"F","N/A","Fin clip 26. Post spawn, no eggs",NA,NA,NA,NA,NA,NA,NA,NA,NA,0.878,"2-G2 ","N","Y","6","Y","N",NA,NA,"",NA,NA,NA,NA,NA,NA,"Post spawn, no eggs","1/23/2021",62.1,"1/28/2021",12,0.8068,0.1932,NA,"2/23/2021",2,0.3607,955.4635,17.2754,3.338241546,4,0.2931,923.3249,16.3833,3.165855072,NA,NA,NA,NA,NA,NA,NA,NA,NA,NA,""
"LL-1-2020","LL-20-1","LL-1-20","LL-20-1","8/31/2020","9/23/2020",61.37920879,-143.30712995,"LL",2.61,50.4,NA,8.4,NA,12.3,NA,6.2,31,"M","0.046","2-A1",NA,NA,NA,NA,NA,NA,NA,NA,NA,2.34,"2-A1","N","Y","5","Y","Y",0.026,NA,"",NA,NA,NA,NA,NA,NA,"","1/15/2021",125.3,"1/21/2021",30.9,0.7534,0.2466,NA,"2/25/2021",2,0.3648,923.3249,23.1414,5.706857622,NA,NA,NA,NA,NA,NA,NA,NA,NA,NA,NA,NA,NA,NA,NA,""
"LL-2-2020","LL-20-2","LL-2-20","LL-20-2","8/31/2020","9/26/2020",61.37920879,-143.30712995,"LL",1.732,44.2,NA,4.7,NA,11.1,NA,5.5,27.3,"F","0.19","Fin clip 36",NA,NA,NA,NA,NA,NA,5.1,NA,NA,1.464,"2-C12 one missing","N","Y","6","Y","Y",0.096,0.7,"0.7",0.8,0.7,1,0.7,0.9,0.7,"","1/15/2021",120,"1/21/2021",29.9,0.7508,0.2492,NA,"2/25/2021",4,0.4181,923.3249,22.0032,5.482464,NA,NA,NA,NA,NA,NA,NA,NA,NA,NA,NA,NA,NA,NA,NA,""
"LL-3-2020","LL-20-3","LL-3-20","LL-20-3","8/31/2020","9/23/2020",61.37920879,-143.30712995,"LL",2.246,48,NA,6.9,NA,11.2,NA,5.8,29,"M","0.054","2-A4 ",NA,NA,NA,NA,NA,NA,NA,NA,NA,2.076,"2-A4 ","N","Y","6","Y","Y",0.026,0.7,"0.7",0.7,0.8,1,0.8,0.6,0.6,"","1/15/2021",146.1,"1/21/2021",36.2,0.7522,0.2478,NA,"2/25/2021",2,0.3852,955.4635,23.2672,5.765042026,NA,NA,NA,NA,NA,NA,NA,NA,NA,NA,NA,NA,NA,NA,NA,""
"LL-4-2020","LL-20-4","LL-4-20","LL-20-4","8/31/2020","9/26/2020",61.37920879,-143.30712995,"LL",2.518,48.9,NA,7.8,NA,12,NA,5.5,29.6,"M","0.068","Fin clip 42",NA,NA,NA,NA,NA,NA,NA,NA,NA,2.318,"2-D6","N","Y","4","Y","Y",0.034,1.2,"0.6",1.6,0.7,0.7,0.7,0.7,0.5,"","1/15/2021",139,"1/21/2021",33.7,0.7576,0.2424,NA,"2/25/2021",2,0.3714,955.4635,23.2971,5.648289712,NA,NA,NA,NA,NA,NA,NA,NA,NA,NA,NA,NA,NA,NA,NA,""
"LL-5-2020","LL-20-5","LL-5-20","LL-20-5","8/31/2020","9/23/2020",61.37920879,-143.30712995,"LL",2.228,46.1,NA,6.3,NA,11.5,NA,6.5,32,"M","0.04","N/A",NA,NA,NA,NA,NA,NA,NA,NA,NA,2.032,"2-A3 ","N","Y","5","Y","Y",0.022,1.3,"2.1",0.9,1.3,1.2,1.4,1,0.8,"","1/15/2021",122,"1/21/2021",34.6,0.7164,0.2836,NA,"2/25/2021",4,0.3548,923.3249,24.2427,6.875388689,NA,NA,NA,NA,NA,NA,NA,NA,NA,NA,NA,NA,NA,NA,NA,""
"LL-6-2020","LL-20-6","LL-6-20","LL-20-6","8/31/2020","9/26/2020",61.37920879,-143.30712995,"LL",2.28,47.5,NA,6.3,NA,11.4,NA,6.2,29.6,"M","0.054","Fin clip 31",NA,NA,NA,NA,NA,NA,NA,NA,NA,2.096,"2-C7 one missing","N","Y","5","Y","Y",0.03,2.1,"1.2",1.4,1.2,0.8,1.1,1.4,1.1,"","1/15/2021",113.9,"1/21/2021",36.1,0.6831,0.3169,NA,"2/25/2021",2,0.3212,955.4635,25.6287,8.122880334,NA,NA,NA,NA,NA,NA,NA,NA,NA,NA,NA,NA,NA,NA,NA,""
"LL-7-2020","LL--20-7","LL-7-20","LL-20-7","8/31/2020","9/26/2020",61.37920879,-143.30712995,"LL",2.102,47,NA,4.6,NA,10.7,NA,6,27,"F","0.15","Fin clip 37",NA,NA,NA,NA,NA,NA,4.7,NA,NA,1.852,"2-D1","N","Y","7","Y","Y",0.072,1.7,"0.8",1.7,1.1,0.9,0.7,1.3,0.8,"","1/15/2021",122.2,"1/21/2021",32.8,0.7316,0.2684,NA,"2/25/2021",4,0.3075,923.3249,23.2044,6.228349591,NA,NA,NA,NA,NA,NA,NA,NA,NA,NA,NA,NA,NA,NA,NA,""
"LL-8-2020","LL-20-8","LL-8-20","LL-20-8","8/31/2020","9/26/2020",61.37920879,-143.30712995,"LL",1.976,48.2,NA,4.4,NA,10.7,NA,5.5,28,"F","0.138","Fin clip 39",NA,NA,NA,NA,NA,NA,4.7,NA,NA,1.724,"2-D3 ","N","Y","7","Y","Y",0.07,1.3,"0.8",1.5,0.7,1.3,0.6,0.9,0.7,"","1/15/2021",118.3,"1/21/2021",31.2,0.7363,0.2637,NA,"2/25/2021",2,0.3495,955.4635,22.4827,5.929503297,NA,NA,NA,NA,NA,NA,NA,NA,NA,NA,NA,NA,NA,NA,NA,""
"LL-9-2020","LL-20-9","LL-9-20","LL-20-9","8/31/2020","9/26/2020",61.37920879,-143.30712995,"LL",1.312,40.5,NA,3.9,NA,9.8,NA,4.7,24.5,"F","0.086","Fin clip 32",NA,NA,NA,NA,NA,NA,4.6,NA,NA,1.154,"2-C8 one missing","N","Y","6","Y","Y",0.044,1.4,"1.5",1.3,0.8,2.2,1,0.8,0.7,"","1/15/2021",114.8,"1/21/2021",30.8,0.7317,0.2683,NA,"2/25/2021",4,0.3103,923.3249,22.7512,6.103980488,NA,NA,NA,NA,NA,NA,NA,NA,NA,NA,NA,NA,NA,NA,NA,""
"LL-10-2020","LL-20-10","LL-10-20","LL-20-10","8/31/2020","9/26/2020",61.37920879,-143.30712995,"LL",1.972,45.7,NA,4.6,NA,10.4,NA,6.2,26.4,"F","0.132","Fin clip 33",NA,NA,NA,NA,NA,NA,4.3,NA,NA,1.748,"2-C9 ","N","Y","7","Y","Y",0.07,2.1,"1.4",1.5,1.3,1.5,1,2.1,2.1,"","1/15/2021",101.8,"1/21/2021",29,0.7151,0.2849,NA,"2/25/2021",2,0.2688,955.4635,24.6991,7.036089391,NA,NA,NA,NA,NA,NA,NA,NA,NA,NA,NA,NA,NA,NA,NA,""
"","","","","","",NA,NA,"",NA,NA,NA,NA,NA,NA,NA,NA,NA,"","","",NA,NA,NA,NA,NA,NA,NA,NA,NA,NA,"","","","","","",NA,NA,"",NA,NA,NA,NA,NA,NA,"","",NA,"",NA,NA,NA,NA,"",NA,NA,NA,NA,NA,NA,NA,NA,NA,NA,NA,NA,NA,NA,NA,NA,NA,NA,NA,NA,""
"","","","","","",NA,NA,"",NA,NA,NA,NA,NA,NA,NA,NA,NA,"","","",NA,NA,NA,NA,NA,NA,NA,NA,NA,NA,"","","","","","",NA,NA,"",NA,NA,NA,NA,NA,NA,"","",NA,"",NA,NA,NA,NA,"11/24/2020",4,1.0302,936.7927,26.0701,NA,NA,NA,NA,NA,NA,NA,NA,NA,NA,NA,NA,NA,NA,NA,NA,"Benzoic Acid Standard"
"","","","","","",NA,NA,"",NA,NA,NA,NA,NA,NA,NA,NA,NA,"","","",NA,NA,NA,NA,NA,NA,NA,NA,NA,NA,"","","","","","",NA,NA,"",NA,NA,NA,NA,NA,NA,"","",NA,"",NA,NA,NA,NA,"11/24/2020",2,0.9889,933.1738,27.0918,NA,NA,NA,NA,NA,NA,NA,NA,NA,NA,NA,NA,NA,NA,NA,NA,"Benzoic Acid Standard"
"","","","","","",NA,NA,"",NA,NA,NA,NA,NA,NA,NA,NA,NA,"","","",NA,NA,NA,NA,NA,NA,NA,NA,NA,NA,"","","","","","",NA,NA,"",NA,NA,NA,NA,NA,NA,"","",NA,"",NA,NA,NA,NA,"10/8/2020",4,0.9939,921.572,26.5047,NA,NA,NA,NA,NA,NA,NA,NA,NA,NA,NA,NA,NA,NA,NA,NA,"Benzoic Acid Standard"
"","","","","","",NA,NA,"",NA,NA,NA,NA,NA,NA,NA,NA,NA,"","","",NA,NA,NA,NA,NA,NA,NA,NA,NA,NA,"","","","","","",NA,NA,"",NA,NA,NA,NA,NA,NA,"","",NA,"",NA,NA,NA,NA,"10/8/2020",2,1.0131,926.5346,26.3577,NA,NA,NA,NA,NA,NA,NA,NA,NA,NA,NA,NA,NA,NA,NA,NA,"Benzoic Acid Standard"
"","","","","","",NA,NA,"",NA,NA,NA,NA,NA,NA,NA,NA,NA,"","","",NA,NA,NA,NA,NA,NA,NA,NA,NA,NA,"","","","","","",NA,NA,"",NA,NA,NA,NA,NA,NA,"","",NA,"",NA,NA,NA,NA,"10/8/2020",4,1.0345,918.6347,26.5902,NA,NA,NA,NA,NA,NA,NA,NA,NA,NA,NA,NA,NA,NA,NA,NA,"Benzoic Acid Standard"
"","","","","","",NA,NA,"",NA,NA,NA,NA,NA,NA,NA,NA,NA,"","","",NA,NA,NA,NA,NA,NA,NA,NA,NA,NA,"","","","","","",NA,NA,"",NA,NA,NA,NA,NA,NA,"","",NA,"",NA,NA,NA,NA,"10/8/2020",4,1.0109,925.2153,26.3993,NA,NA,NA,NA,NA,NA,NA,NA,NA,NA,NA,NA,NA,NA,NA,NA,"Benzoic Acid Standard"
"","","","","","",NA,NA,"",NA,NA,NA,NA,NA,NA,NA,NA,NA,"","","",NA,NA,NA,NA,NA,NA,NA,NA,NA,NA,"","","","","","",NA,NA,"",NA,NA,NA,NA,NA,NA,"","",NA,"",NA,NA,NA,NA,"11/5/2020",4,1.0304,913.33,26.746,NA,NA,NA,NA,NA,NA,NA,NA,NA,NA,NA,NA,NA,NA,NA,NA,"Benzoic Acid Standard"
"","","","","","",NA,NA,"",NA,NA,NA,NA,NA,NA,NA,NA,NA,"","","",NA,NA,NA,NA,NA,NA,NA,NA,NA,NA,"","","","","","",NA,NA,"",NA,NA,NA,NA,NA,NA,"","",NA,"",NA,NA,NA,NA,"11/5/2020",2,1.0063,922.2063,26.467,NA,NA,NA,NA,NA,NA,NA,NA,NA,NA,NA,NA,NA,NA,NA,NA,"Benzoic Acid Standard"
"","","","","","",NA,NA,"",NA,NA,NA,NA,NA,NA,NA,NA,NA,"","","",NA,NA,NA,NA,NA,NA,NA,NA,NA,NA,"","","","","","",NA,NA,"",NA,NA,NA,NA,NA,NA,"","",NA,"",NA,NA,NA,NA,"11/15/2020",2,0.9864,916.4766,27.5901,NA,NA,NA,NA,NA,NA,NA,NA,NA,NA,NA,NA,NA,NA,NA,NA,"Benzoic Acid Standard"
"","","","","","",NA,NA,"",NA,NA,NA,NA,NA,NA,NA,NA,NA,"","","",NA,NA,NA,NA,NA,NA,NA,NA,NA,NA,"","","","","","",NA,NA,"",NA,NA,NA,NA,NA,NA,"","",NA,"",NA,NA,NA,NA,"11/15/2020",4,1.0191,920.3539,26.5401,NA,NA,NA,NA,NA,NA,NA,NA,NA,NA,NA,NA,NA,NA,NA,NA,"Benzoic Acid Standard"
"","","","","","",NA,NA,"",NA,NA,NA,NA,NA,NA,NA,NA,NA,"","","",NA,NA,NA,NA,NA,NA,NA,NA,NA,NA,"","","","","","",NA,NA,"",NA,NA,NA,NA,NA,NA,"","",NA,"",NA,NA,NA,NA,"2/5/2021",4,0.9827,970.6813,25.1508,NA,NA,NA,NA,NA,NA,NA,NA,NA,NA,NA,NA,NA,NA,NA,NA,"Benzoic Acid Standard"
"","","","","","",NA,NA,"",NA,NA,NA,NA,NA,NA,NA,NA,NA,"","","",NA,NA,NA,NA,NA,NA,NA,NA,NA,NA,"","","","","","",NA,NA,"",NA,NA,NA,NA,NA,NA,"","",NA,"",NA,NA,NA,NA,"2/5/2021",2,1.0075,940.3353,26.8835,NA,NA,NA,NA,NA,NA,NA,NA,NA,NA,NA,NA,NA,NA,NA,NA,"Benzoic Acid Standard"
"","","","","","",NA,NA,"",NA,NA,NA,NA,NA,NA,NA,NA,NA,"","","",NA,NA,NA,NA,NA,NA,NA,NA,NA,NA,"","","","","","",NA,NA,"",NA,NA,NA,NA,NA,NA,"","",NA,"",NA,NA,NA,NA,"2/5/2021",4,1.0187,932.8443,26.1814,NA,NA,NA,NA,NA,NA,NA,NA,NA,NA,NA,NA,NA,NA,NA,NA,"Benzoic Acid Standard"
"","","","","","",NA,NA,"",NA,NA,NA,NA,NA,NA,NA,NA,NA,"","","",NA,NA,NA,NA,NA,NA,NA,NA,NA,NA,"","","","","","",NA,NA,"",NA,NA,NA,NA,NA,NA,"","",NA,"",NA,NA,NA,NA,"2/5/2021",2,0.9852,928.4594,27.2307,NA,NA,NA,NA,NA,NA,NA,NA,NA,NA,NA,NA,NA,NA,NA,NA,"Benzoic Acid Standard"
"","","","","","",NA,NA,"",NA,NA,NA,NA,NA,NA,NA,NA,NA,"","","",NA,NA,NA,NA,NA,NA,NA,NA,NA,NA,"","","","","","",NA,NA,"",NA,NA,NA,NA,NA,NA,"","",NA,"",NA,NA,NA,NA,"2/16/2021",4,0.9785,947.0601,25.7845,NA,NA,NA,NA,NA,NA,NA,NA,NA,NA,NA,NA,NA,NA,NA,NA,"Benzoic Acid Standard"
"","","","","","",NA,NA,"",NA,NA,NA,NA,NA,NA,NA,NA,NA,"","","",NA,NA,NA,NA,NA,NA,NA,NA,NA,NA,"","","","","","",NA,NA,"",NA,NA,NA,NA,NA,NA,"","",NA,"",NA,NA,NA,NA,"2/16/2021",2,0.9953,925.9781,27.3043,NA,NA,NA,NA,NA,NA,NA,NA,NA,NA,NA,NA,NA,NA,NA,NA,"Benzoic Acid Standard"
"","","","","","",NA,NA,"",NA,NA,NA,NA,NA,NA,NA,NA,NA,"","","",NA,NA,NA,NA,NA,NA,NA,NA,NA,NA,"","","","","","",NA,NA,"",NA,NA,NA,NA,NA,NA,"","",NA,"",NA,NA,NA,NA,"2/18/2021",4,1.0069,924.3966,26.4229,NA,NA,NA,NA,NA,NA,NA,NA,NA,NA,NA,NA,NA,NA,NA,NA,"Benzoic Acid Standard"
"","","","","","",NA,NA,"",NA,NA,NA,NA,NA,NA,NA,NA,NA,"","","",NA,NA,NA,NA,NA,NA,NA,NA,NA,NA,"","","","","","",NA,NA,"",NA,NA,NA,NA,NA,NA,"","",NA,"",NA,NA,NA,NA,"2/18/2021",2,0.9944,918.2603,27.5359,NA,NA,NA,NA,NA,NA,NA,NA,NA,NA,NA,NA,NA,NA,NA,NA,"Benzoic Acid Standard"
